Season,Age,Tm,Lg,Pos,G,MP,PER,TS%,3PAr,FTr,ORB%,DRB%,TRB%,AST%,STL%,BLK%,TOV%,USG%,,OWS,DWS,WS,WS/48,,OBPM,DBPM,BPM,VORP
1990-91,21,DEN,NBA,PG,67,1505,12.2,.448,.099,.097,1.9,6.0,3.8,19.2,1.5,0.1,9.5,27.2,,-0.7,-0.3,-1.0,-0.031,,-2.0,-3.0,-5.0,-1.1
1991-92,22,DEN,NBA,PG,81,1538,12.6,.469,.111,.128,1.5,6.8,4.0,21.0,1.4,0.2,11.6,26.7,,-0.2,0.8,0.6,.018,,-1.2,-1.9,-3.1,-0.4
1992-93,23,DEN,NBA,PG,81,2710,15.6,.515,.140,.165,2.0,6.8,4.4,20.8,1.5,0.2,11.0,25.5,,3.0,2.2,5.1,.091,,0.9,-1.1,-0.1,1.3
1993-94,24,DEN,NBA,PG,80,2617,16.7,.521,.104,.179,1.2,5.8,3.6,24.1,1.6,0.2,9.9,24.9,,4.4,2.4,6.8,.125,,1.5,-0.7,0.8,1.9
1994-95,25,DEN,NBA,PG,73,2082,17.8,.543,.214,.155,1.9,5.9,3.9,23.0,1.9,0.3,10.0,25.8,,3.8,1.3,5.0,.115,,2.3,-1.1,1.2,1.7
1995-96,26,DEN,NBA,PG,57,2029,18.6,.535,.324,.164,1.5,6.4,3.9,34.7,1.6,0.1,10.1,25.1,,4.4,1.1,5.5,.131,,3.5,-1.6,1.9,1.9
1996-97,27,SAC,NBA,PG,75,2131,13.2,.524,.266,.147,0.9,5.9,3.3,15.8,1.4,0.2,10.8,23.2,,2.0,0.7,2.7,.060,,-0.8,-1.8,-2.6,-0.4
1997-98,28,SAC,NBA,PG,31,530,10.5,.405,.114,.059,1.2,6.7,3.9,19.7,1.6,0.1,6.4,25.1,,-0.5,0.2,-0.3,-0.025,,-3.2,-1.5,-4.7,-0.4
2000-01,31,VAN,NBA,PG,41,486,16.7,.514,.057,.118,1.2,4.7,2.9,32.7,1.0,0.1,9.1,26.8,,0.7,0.0,0.7,.070,,1.1,-2.1,-1.0,0.1
1997-98,23,SAC,NBA,SG,59,959,10.1,.456,.053,.350,5.0,8.6,6.7,8.9,1.9,0.9,13.6,22.1,,-0.8,0.6,-0.2,-0.008,,-3.6,-1.2,-4.8,-0.7
1998-99,24,SAC,NBA,SG,49,1205,11.8,.486,.052,.334,6.3,9.9,8.1,6.5,2.1,0.8,13.0,19.0,,0.5,0.9,1.4,.058,,-2.5,-0.5,-3.0,-0.3
1999-00,25,TOT,NBA,SG,61,1578,13.6,.477,.036,.299,7.0,13.1,10.0,10.0,1.8,1.2,12.7,22.5,,0.4,1.8,2.2,.068,,-1.2,-0.1,-1.2,0.3
1999-00,25,ORL,NBA,SG,46,1205,14.4,.484,.041,.293,7.0,14.6,10.8,9.7,2.2,0.9,13.0,23.3,,0.4,1.6,2.0,.082,,-1.0,0.2,-0.8,0.4
1999-00,25,DEN,NBA,SG,15,373,10.8,.448,.015,.321,6.9,8.2,7.6,11.0,0.8,2.2,11.3,19.7,,0.0,0.2,0.2,.023,,-1.7,-0.9,-2.5,0.0
2000-01,26,DEN,NBA,SG,29,420,5.8,.438,.090,.324,3.6,11.8,7.6,8.1,1.7,2.1,21.1,17.1,,-0.7,0.3,-0.4,-0.049,,-5.6,-0.3,-5.8,-0.4
2001-02,27,TOT,NBA,SG,24,441,9.8,.418,.014,.224,10.1,11.6,10.8,8.8,2.4,1.7,14.3,19.1,,-0.3,0.3,0.0,-0.003,,-3.4,-0.3,-3.7,-0.2
2001-02,27,DEN,NBA,SG,20,417,10.3,.424,.014,.221,10.2,11.2,10.7,8.7,2.3,1.6,13.1,19.7,,-0.2,0.3,0.0,.005,,-3.1,-0.5,-3.6,-0.2
2001-02,27,DAL,NBA,SG,4,24,0.3,.000,.000,.500,9.4,18.2,13.9,10.4,4.3,3.0,55.1,10.2,,-0.1,0.0,-0.1,-0.128,,-9.0,2.7,-6.3,0.0
2002-03,28,DAL,NBA,SG,14,204,12.4,.470,.017,.103,7.6,14.0,10.8,15.4,1.5,1.1,10.3,15.0,,0.2,0.2,0.4,.104,,-1.6,0.2,-1.4,0.0
1996-97,20,VAN,NBA,PF,80,2802,17.4,.518,.022,.428,8.8,14.2,11.5,12.1,1.5,2.2,13.5,27.6,,1.7,1.2,2.9,.049,,0.3,-2.1,-1.8,0.2
1997-98,21,VAN,NBA,SF,82,2950,21.1,.562,.038,.475,8.9,13.8,11.3,13.5,1.6,1.8,13.6,28.4,,6.3,0.6,6.9,.113,,3.4,-1.8,1.6,2.6
1998-99,22,VAN,NBA,SF,50,2021,20.7,.530,.040,.492,6.5,15.4,10.9,17.6,1.8,2.0,14.6,28.9,,3.7,0.9,4.6,.108,,2.9,-0.9,2.0,2.1
1999-00,23,VAN,NBA,SF,82,3223,20.2,.547,.075,.431,8.0,22.7,15.3,15.5,1.5,1.9,14.1,25.0,,6.2,2.6,8.8,.132,,2.6,-0.4,2.2,3.4
2000-01,24,VAN,NBA,SF,81,3241,19.1,.549,.050,.415,6.2,19.6,13.0,14.3,1.5,1.6,13.2,24.6,,5.6,2.9,8.5,.126,,1.7,0.1,1.8,3.1
2001-02,25,ATL,NBA,PF,77,2980,19.8,.536,.054,.403,7.6,19.2,13.3,15.1,1.7,2.0,14.1,27.0,,4.1,3.1,7.2,.116,,1.9,-0.2,1.7,2.8
2002-03,26,ATL,NBA,PF,81,3087,19.9,.566,.051,.457,6.7,17.8,12.5,14.7,1.5,0.9,13.0,24.2,,7.4,2.3,9.7,.151,,2.3,-0.7,1.6,2.8
2003-04,27,TOT,NBA,PF,85,2684,19.9,.557,.032,.407,8.2,19.0,13.6,12.3,1.4,1.0,12.9,24.4,,6.1,2.0,8.1,.145,,2.3,-0.7,1.6,2.4
2003-04,27,ATL,NBA,PF,53,1956,21.2,.568,.029,.423,8.2,20.3,14.3,12.6,1.2,0.7,12.3,24.8,,5.3,1.3,6.6,.163,,3.3,-1.0,2.3,2.1
2003-04,27,POR,NBA,PF,32,728,16.5,.522,.042,.360,7.9,15.5,11.8,11.5,1.8,1.8,14.8,23.3,,0.9,0.6,1.5,.098,,-0.4,0.0,-0.4,0.3
2004-05,28,POR,NBA,PF,54,1867,18.7,.581,.058,.379,7.9,16.0,12.1,10.7,1.4,1.0,13.0,22.1,,3.9,1.5,5.4,.139,,1.6,-0.6,0.9,1.4
2005-06,29,SAC,NBA,PF,72,1961,17.2,.588,.035,.440,6.4,14.8,10.6,13.2,1.3,1.6,12.5,20.1,,4.0,2.2,6.2,.152,,0.5,0.4,0.9,1.4
2006-07,30,SAC,NBA,C,80,2015,13.1,.524,.031,.358,7.0,16.4,11.6,9.2,1.3,1.5,13.3,19.5,,1.1,1.7,2.8,.067,,-2.0,-0.5,-2.5,-0.2
2007-08,31,SAC,NBA,PF,6,51,5.5,.317,.000,.286,14.2,9.1,11.6,11.1,1.0,0.0,6.0,14.7,,0.0,0.0,0.0,-0.005,,-4.4,-2.5,-6.9,-0.1
2016-17,23,OKC,NBA,SG,68,1055,10.1,.560,.724,.144,1.9,7.1,4.5,5.5,1.7,0.6,8.3,15.9,,1.2,0.9,2.1,.096,,-1.3,-0.4,-1.6,0.1
2017-18,24,OKC,NBA,SG,75,1134,9.0,.567,.759,.158,2.5,8.9,5.6,3.4,1.7,0.6,7.4,12.7,,1.3,1.0,2.2,.094,,-1.9,0.4,-1.5,0.1
2018-19,25,OKC,NBA,SG,31,588,6.3,.507,.809,.083,0.9,7.8,4.2,4.3,1.3,0.9,7.9,12.2,,0.1,0.6,0.6,.053,,-3.7,0.4,-3.3,-0.2
2020-21,21,MIA,NBA,PF,61,737,14.2,.550,.004,.482,11.5,20.6,16.1,6.1,1.3,4.0,13.5,19.5,,0.3,1.0,1.3,.085,,-3.6,-0.5,-4.1,-0.4
2021-22,22,TOR,NBA,C,73,1725,12.7,.503,.259,.217,8.7,21.7,14.9,6.9,1.1,2.3,11.3,18.5,,0.4,2.1,2.5,.070,,-2.0,-0.6,-2.6,-0.2
2022-23,23,TOR,NBA,C,12,245,13.9,.493,.304,.359,10.3,29.2,19.2,9.3,0.4,2.8,12.3,20.8,,0.1,0.3,0.3,.066,,-1.9,-1.9,-3.8,-0.1
2005-06,23,DET,NBA,SG,5,35,-2.4,.281,.313,.000,3.4,13.7,8.5,17.9,1.6,0.0,20.0,27.2,,-0.2,0.0,-0.2,-0.230,,-11.0,-4.2,-15.3,-0.1
2008-09,26,TOT,NBA,SG,25,199,10.4,.448,.263,.132,4.5,9.6,7.0,10.2,1.3,1.5,8.0,20.1,,-0.1,0.1,0.0,-0.011,,-1.8,-1.7,-3.6,-0.1
2008-09,26,DET,NBA,SG,7,20,16.0,.379,.364,.182,0.0,12.0,5.9,9.1,5.5,3.9,0.0,28.3,,0.0,0.0,0.0,.009,,-0.9,4.7,3.8,0.0
2008-09,26,LAC,NBA,SG,18,179,9.8,.460,.246,.123,5.0,9.3,7.1,10.3,0.9,1.2,9.3,19.2,,-0.1,0.0,0.0,-0.013,,-1.9,-2.5,-4.4,-0.1
2012-13,22,TOR,NBA,PF,29,342,15.9,.632,.027,.507,10.3,16.6,13.4,5.2,2.0,3.5,15.6,14.7,,0.7,0.4,1.1,.157,,-1.0,1.0,0.1,0.2
2013-14,23,TOT,NBA,SF,63,847,10.1,.520,.106,.376,9.5,19.5,14.4,4.9,1.4,2.5,15.4,10.1,,0.6,0.9,1.5,.086,,-2.5,0.8,-1.7,0.1
2013-14,23,TOR,NBA,SF,7,61,17.2,.542,.357,.571,9.5,19.2,14.3,10.1,3.4,3.9,10.2,14.5,,0.1,0.1,0.2,.188,,1.2,3.7,5.0,0.1
2013-14,23,SAC,NBA,SF,56,786,9.6,.518,.079,.354,9.5,19.5,14.4,4.4,1.2,2.4,16.0,9.8,,0.5,0.7,1.3,.078,,-2.8,0.6,-2.2,0.0
2014-15,24,NYK,NBA,PF,68,1287,11.9,.533,.181,.293,6.9,20.5,13.5,8.7,1.1,1.4,13.8,15.5,,1.0,0.7,1.7,.063,,-2.1,-1.0,-3.1,-0.3
2015-16,25,SAC,NBA,PF,59,876,14.7,.629,.229,.318,8.1,15.1,11.6,4.4,1.6,2.2,10.0,13.1,,1.8,0.7,2.5,.137,,-0.2,0.2,-0.1,0.4
2016-17,26,TOT,NBA,PF,38,558,11.8,.565,.529,.353,3.9,18.0,11.0,4.9,1.2,2.0,9.7,16.8,,0.5,0.5,0.9,.082,,-1.5,-0.6,-2.1,0.0
2016-17,26,DAL,NBA,PF,6,48,-1.4,.355,.412,.176,4.6,15.2,9.7,0.0,0.0,0.0,9.8,20.0,,-0.2,0.0,-0.1,-0.133,,-10.3,-4.1,-14.3,-0.1
2016-17,26,BRK,NBA,PF,32,510,13.1,.587,.542,.373,3.8,18.2,11.1,5.4,1.3,2.2,9.6,16.5,,0.6,0.5,1.1,.102,,-0.6,-0.2,-0.9,0.1
2017-18,27,BRK,NBA,PF,70,1359,8.2,.525,.800,.164,3.1,17.1,10.0,6.0,1.2,1.6,13.3,14.4,,-0.1,1.1,1.0,.036,,-2.6,0.1,-2.5,-0.2
2018-19,28,PHO,NBA,PF,10,123,2.9,.379,.833,.556,2.7,20.1,11.3,8.2,0.4,2.7,15.2,9.2,,-0.1,0.0,-0.1,-0.022,,-7.6,-0.5,-8.1,-0.2
2006-07,22,NJN,NBA,SG,61,495,13.0,.577,.007,.267,8.4,9.9,9.2,4.5,1.8,0.6,12.7,16.3,,0.5,0.5,1.0,.095,,-1.3,-0.2,-1.5,0.1
2008-09,24,TOR,NBA,SG,12,52,0.4,.352,.000,.462,2.3,13.4,7.9,2.8,1.0,1.5,20.4,17.4,,-0.2,0.0,-0.2,-0.144,,-7.5,-1.9,-9.4,-0.1
2018-19,22,ATL,NBA,PG,34,428,7.6,.474,.673,.082,2.6,12.3,7.4,19.8,1.5,1.0,19.7,13.5,,-0.1,0.2,0.1,.011,,-3.8,-0.5,-4.3,-0.2
2020-21,24,MIL,NBA,PG,7,18,-6.5,.125,.250,.000,0.0,16.9,8.8,12.7,0.0,0.0,0.0,18.6,,-0.1,0.0,-0.1,-0.252,,-15.1,-4.6,-19.8,-0.1
2014-15,20,MEM,NBA,SG,30,248,12.8,.489,.291,.267,4.2,8.7,6.4,10.1,3.4,2.3,12.7,20.4,,0.0,0.4,0.4,.073,,-1.2,2.6,1.4,0.2
2015-16,21,MEM,NBA,SG,2,15,17.3,.427,.167,.833,0.0,15.9,7.6,31.9,10.3,0.0,19.6,30.5,,0.0,0.0,0.0,.015,,-2.5,9.4,6.9,0.0
2013-14,20,OKC,NBA,C,81,1197,11.2,.541,.000,.735,14.1,17.1,15.6,4.9,1.7,3.9,22.5,11.7,,0.9,1.9,2.9,.114,,-3.1,0.9,-2.2,-0.1
2014-15,21,OKC,NBA,C,70,1771,14.1,.549,.005,.514,12.2,19.3,15.8,5.5,1.1,3.8,16.8,14.3,,1.9,2.2,4.1,.111,,-1.5,0.2,-1.3,0.3
2015-16,22,OKC,NBA,C,80,2014,15.5,.621,.000,.460,12.5,16.1,14.4,4.3,1.0,3.3,14.1,12.6,,4.2,2.3,6.5,.155,,0.0,0.2,0.2,1.1
2016-17,23,OKC,NBA,C,80,2389,16.5,.589,.002,.392,13.0,15.4,14.2,5.4,1.8,2.6,16.0,16.2,,3.3,3.1,6.5,.130,,-0.2,0.0,-0.2,1.1
2017-18,24,OKC,NBA,C,76,2487,20.6,.630,.003,.402,16.6,13.9,15.3,5.5,1.8,2.8,13.3,16.7,,6.7,3.0,9.7,.187,,1.7,-0.6,1.1,2.0
2018-19,25,OKC,NBA,C,80,2669,18.5,.591,.002,.361,14.7,14.8,14.7,6.6,2.0,2.4,12.6,16.4,,5.1,4.0,9.1,.163,,0.7,0.4,1.1,2.1
2019-20,26,OKC,NBA,C,63,1680,20.5,.604,.006,.421,14.0,24.0,19.2,13.2,1.5,3.4,14.2,17.3,,3.8,2.7,6.5,.185,,1.9,1.1,2.9,2.1
2020-21,27,NOP,NBA,C,58,1605,15.1,.596,.010,.438,14.4,20.4,17.4,9.1,1.6,2.2,17.5,11.7,,2.3,1.7,4.0,.119,,-0.4,0.1,-0.3,0.7
2021-22,28,MEM,NBA,C,76,1999,17.6,.560,.003,.518,17.9,22.0,19.9,16.1,1.6,2.7,19.6,12.0,,3.8,3.0,6.8,.163,,1.0,1.0,2.0,2.0
2022-23,29,MEM,NBA,C,23,617,16.3,.563,.008,.474,19.1,22.7,20.9,11.2,1.4,3.6,23.4,13.9,,0.5,0.9,1.4,.111,,-0.9,0.3,-0.6,0.2
2017-18,20,MIA,NBA,C,69,1368,15.7,.570,.021,.526,9.7,21.6,15.6,11.0,1.2,2.5,13.6,15.9,,2.3,1.9,4.2,.148,,-1.1,0.7,-0.4,0.6
2018-19,21,MIA,NBA,C,82,1913,17.9,.623,.031,.465,9.2,24.0,16.6,14.2,1.8,3.0,17.1,15.8,,3.4,3.4,6.8,.171,,-0.4,2.2,1.8,1.8
2019-20,22,MIA,NBA,PF,72,2417,20.3,.598,.018,.484,8.5,24.9,17.0,24.2,1.7,3.8,17.6,21.2,,4.6,3.9,8.5,.168,,1.4,2.0,3.4,3.3
2020-21,23,MIA,NBA,C,64,2143,22.7,.626,.010,.443,7.7,22.6,15.3,26.9,1.7,3.2,15.0,23.7,,5.6,3.2,8.8,.197,,2.9,2.0,4.9,3.7
2021-22,24,MIA,NBA,C,56,1825,21.8,.608,.008,.466,8.7,26.1,17.5,17.5,2.2,2.6,14.4,25.0,,3.6,3.5,7.2,.188,,1.7,2.1,3.8,2.7
2022-23,25,MIA,NBA,C,23,807,18.8,.588,.026,.353,7.2,23.4,15.1,16.4,1.3,2.3,15.1,26.1,,0.8,1.1,1.9,.113,,-0.4,0.6,0.2,0.4
2018-19,21,CLE,NBA,SF,19,194,2.7,.424,.639,.111,1.6,9.6,5.4,3.4,0.3,1.8,13.7,9.9,,-0.2,0.0,-0.2,-0.054,,-5.9,-1.6,-7.5,-0.3
2010-11,24,GSW,NBA,PF,23,196,11.3,.457,.000,.352,13.0,20.7,16.8,7.3,1.0,1.9,12.6,16.1,,0.1,0.1,0.2,.051,,-3.3,-2.0,-5.3,-0.2
2011-12,25,HOU,NBA,PF,8,63,11.2,.493,.000,.750,9.1,31.6,20.3,2.4,0.0,2.4,8.6,16.8,,0.1,0.1,0.1,.106,,-4.0,-0.2,-4.3,0.0
2012-13,26,CHA,NBA,PF,52,713,13.4,.493,.012,.595,10.6,21.2,15.7,8.3,1.3,3.1,13.1,15.6,,0.5,0.4,1.0,.064,,-2.1,-0.9,-3.0,-0.2
2013-14,27,TOT,NBA,PF,53,961,17.4,.553,.000,.433,11.8,24.8,18.2,6.8,1.3,3.0,10.6,17.3,,1.6,1.1,2.7,.134,,0.0,-0.9,-0.9,0.3
2013-14,27,CHA,NBA,PF,25,256,14.9,.559,.000,.625,14.5,24.4,19.4,4.1,1.4,4.6,13.6,10.6,,0.4,0.5,0.9,.170,,-1.8,1.7,0.0,0.1
2013-14,27,MIL,NBA,PF,28,705,18.4,.552,.000,.400,10.9,25.0,17.7,7.7,1.3,2.4,10.1,19.7,,1.2,0.6,1.8,.121,,0.6,-1.8,-1.2,0.1
2014-15,28,MIN,NBA,PF,17,215,14.2,.494,.000,.864,11.9,29.6,20.5,10.5,0.9,3.3,12.9,14.3,,0.2,0.2,0.4,.087,,-1.9,-0.6,-2.4,0.0
2007-08,22,DET,NBA,SG,75,970,10.2,.494,.199,.361,4.4,12.5,8.4,8.1,1.8,0.7,10.9,15.2,,0.5,1.4,1.9,.092,,-2.6,1.0,-1.5,0.1
2008-09,23,DET,NBA,SG,74,1234,8.9,.548,.357,.237,2.8,10.1,6.4,5.5,1.3,0.8,11.5,14.5,,0.8,1.0,1.8,.069,,-2.8,0.2,-2.6,-0.2
2009-10,24,DEN,NBA,SG,82,2221,10.9,.576,.426,.168,3.1,9.9,6.5,9.3,1.0,1.0,10.5,14.0,,2.8,1.4,4.3,.092,,-0.2,-0.2,-0.4,0.9
2010-11,25,DEN,NBA,SG,69,2324,13.6,.620,.396,.260,2.3,9.9,6.2,10.9,0.7,1.0,9.2,14.8,,4.8,1.4,6.2,.128,,1.7,-0.3,1.4,2.0
2011-12,26,DEN,NBA,SG,62,2086,14.7,.584,.316,.353,2.3,8.5,5.5,11.1,0.9,0.5,9.5,19.1,,4.7,0.6,5.3,.121,,1.4,-1.2,0.1,1.1
2012-13,27,ORL,NBA,SF,64,2307,13.0,.527,.265,.246,1.4,10.3,5.8,14.6,0.9,0.4,12.1,22.5,,1.5,0.5,2.0,.042,,-1.1,-1.8,-2.9,-0.5
2013-14,28,ORL,NBA,SG,73,2552,16.0,.574,.297,.332,1.4,10.2,5.8,16.9,0.7,0.1,11.2,23.3,,4.3,1.0,5.3,.099,,1.4,-1.6,-0.2,1.1
2014-15,29,TOT,NBA,SG,78,2502,10.7,.533,.377,.224,1.1,9.7,5.3,8.2,0.8,0.2,10.7,19.0,,1.6,1.0,2.6,.050,,-1.4,-1.1,-2.5,-0.3
2014-15,29,DEN,NBA,SG,53,1750,11.7,.533,.370,.230,1.3,10.2,5.6,9.3,0.9,0.2,10.3,19.9,,1.4,0.4,1.8,.050,,-0.7,-1.2,-1.9,0.1
2014-15,29,POR,NBA,SG,25,752,8.2,.533,.396,.207,0.9,8.5,4.8,5.5,0.6,0.2,11.8,16.7,,0.2,0.5,0.8,.049,,-3.0,-0.8,-3.8,-0.4
2015-16,30,NYK,NBA,SG,71,2371,10.9,.531,.298,.164,1.1,11.0,6.1,9.9,0.5,0.3,8.7,17.9,,1.8,0.9,2.7,.055,,-1.3,-1.6,-2.9,-0.5
2016-17,31,SAC,NBA,SG,61,1580,8.9,.559,.360,.221,0.7,8.4,4.6,7.4,0.7,0.3,8.4,14.4,,1.2,0.2,1.4,.043,,-2.1,-1.5,-3.6,-0.7
2017-18,32,ORL,NBA,SG,53,682,5.8,.516,.432,.160,0.6,10.1,5.3,6.2,0.3,1.1,10.8,12.5,,-0.1,0.2,0.1,.009,,-3.8,-1.5,-5.4,-0.6
2022-23,22,UTA,NBA,SG,9,72,9.1,.519,.333,.333,6.2,9.0,7.6,1.9,0.7,0.0,0.0,14.0,,0.1,0.0,0.1,.066,,-3.6,-2.6,-6.1,-0.1
2006-07,22,DAL,NBA,SG,32,214,2.9,.408,.214,.471,0.6,11.0,5.9,5.0,1.0,1.1,15.1,21.7,,-0.5,0.2,-0.3,-0.060,,-7.4,-1.3,-8.7,-0.4
2007-08,23,TOT,NBA,SG,26,165,1.8,.363,.292,.185,2.8,6.3,4.6,8.0,0.0,0.4,7.9,21.3,,-0.4,0.0,-0.4,-0.114,,-6.8,-4.2,-11.1,-0.4
2007-08,23,DAL,NBA,SG,12,77,-4.4,.253,.296,.222,1.6,4.4,3.0,7.4,0.0,1.0,9.2,19.8,,-0.3,0.0,-0.3,-0.181,,-10.1,-3.6,-13.7,-0.2
2007-08,23,NJN,NBA,SG,14,88,7.1,.443,.289,.158,3.9,7.9,5.9,8.4,0.0,0.0,6.9,22.7,,-0.1,0.0,-0.1,-0.056,,-4.0,-4.8,-8.7,-0.1
2008-09,24,NJN,NBA,SG,20,97,2.2,.365,.140,.186,3.6,8.7,6.1,5.3,0.6,1.7,7.9,24.4,,-0.3,0.0,-0.3,-0.133,,-7.9,-2.8,-10.7,-0.2
2010-11,26,MIN,NBA,SG,4,29,10.1,.682,.364,.000,0.0,7.9,3.8,6.0,1.7,0.0,26.7,22.0,,0.0,0.0,0.0,-0.015,,-0.9,0.2,-0.7,0.0
2007-08,23,MIA,NBA,PG,12,177,9.0,.495,.596,.544,0.7,12.4,6.4,17.2,1.8,0.0,18.5,23.2,,-0.1,0.1,0.0,-0.006,,-3.5,-1.3,-4.8,-0.1
2008-09,24,SAS,NBA,PG,3,19,12.9,.581,.667,.333,0.0,6.2,3.1,16.0,2.9,0.0,12.7,20.1,,0.0,0.0,0.1,.149,,-2.2,1.4,-0.9,0.0
2011-12,27,UTA,NBA,PG,4,30,-7.3,.357,.643,.000,0.0,7.7,3.8,5.2,0.0,0.0,26.3,28.4,,-0.2,0.0,-0.2,-0.315,,-12.7,-6.8,-19.5,-0.1
2008-09,20,CHA,NBA,PF,31,182,7.0,.430,.029,.406,6.2,14.2,10.2,2.8,2.1,2.7,12.9,24.2,,-0.3,0.3,-0.1,-0.018,,-7.6,0.1,-7.5,-0.3
2009-10,21,CHA,NBA,C,6,30,6.3,.479,.000,.100,4.1,11.8,8.0,0.0,1.8,2.7,16.1,19.3,,-0.1,0.0,0.0,-0.013,,-6.3,1.0,-5.3,0.0
2010-11,22,TOT,NBA,C,34,340,12.2,.507,.256,.135,5.9,21.5,13.6,4.8,1.7,4.2,11.3,21.1,,0.0,0.4,0.4,.052,,-3.8,0.0,-3.8,-0.2
2010-11,22,DAL,NBA,C,10,75,12.8,.435,.219,.094,8.1,18.0,13.3,4.3,2.1,5.1,2.9,21.4,,0.0,0.1,0.1,.084,,-3.4,0.5,-2.9,0.0
2010-11,22,TOR,NBA,C,24,265,12.0,.530,.267,.149,5.2,22.5,13.6,4.9,1.6,4.0,13.6,21.1,,0.0,0.2,0.2,.042,,-3.8,-0.2,-4.1,-0.1
2013-14,25,NOP,NBA,C,56,951,14.6,.589,.004,.269,11.3,22.7,16.9,6.6,1.3,4.1,18.4,16.3,,1.2,0.9,2.1,.104,,-2.7,0.1,-2.6,-0.1
2014-15,26,NOP,NBA,C,68,957,19.9,.595,.000,.301,12.4,25.0,18.7,8.2,1.2,4.0,15.6,21.1,,1.9,1.2,3.2,.159,,-0.7,0.4,-0.3,0.4
2015-16,27,NOP,NBA,C,59,861,13.8,.514,.003,.197,9.3,25.9,17.3,5.8,1.1,3.4,13.6,20.4,,0.2,0.9,1.0,.058,,-3.4,-0.6,-4.0,-0.4
2016-17,28,NOP,NBA,C,39,584,12.9,.529,.022,.225,8.3,23.8,16.0,3.1,1.7,3.1,13.7,17.2,,0.0,0.9,1.0,.080,,-4.0,0.7,-3.3,-0.2
2012-13,26,DAL,NBA,PG,3,9,15.3,.625,.500,.000,0.0,12.1,6.2,19.4,0.0,0.0,0.0,20.3,,0.0,0.0,0.0,.196,,-3.1,0.1,-3.0,0.0
2018-19,25,DEN,NBA,SG,7,22,8.2,.322,.400,.200,4.9,14.8,9.8,37.1,4.5,0.0,15.5,25.0,,-0.1,0.0,0.0,-0.051,,-7.9,2.1,-5.8,0.0
2010-11,22,TOR,NBA,C,12,59,2.0,.189,.000,.133,13.7,14.4,14.1,4.6,1.8,2.6,15.9,14.3,,-0.2,0.0,-0.2,-0.142,,-6.0,-2.9,-8.9,-0.1
2011-12,23,TOR,NBA,C,14,122,14.2,.418,.000,.222,14.6,30.4,22.6,4.1,0.9,6.0,11.2,17.2,,0.0,0.2,0.2,.083,,-2.9,0.7,-2.2,0.0
2021-22,21,MEM,NBA,PF,32,360,10.2,.452,.364,.242,9.4,16.1,12.6,7.7,0.8,2.5,9.9,18.4,,-0.1,0.4,0.3,.044,,-4.2,-1.5,-5.7,-0.3
2022-23,22,MEM,NBA,PF,24,604,15.1,.574,.479,.213,6.3,18.3,12.3,7.6,1.6,3.7,6.8,15.0,,1.0,0.9,1.9,.148,,0.0,1.4,1.5,0.5
2014-15,23,PHI,NBA,PF,41,540,12.0,.517,.064,.346,14.9,20.7,17.7,8.3,1.6,2.4,15.9,8.6,,0.7,0.7,1.4,.122,,-3.9,0.4,-3.6,-0.2
2010-11,22,OKC,NBA,C,18,142,7.0,.537,.000,.267,11.1,17.5,14.4,4.0,1.8,3.6,32.3,7.9,,0.0,0.2,0.2,.066,,-5.6,1.6,-4.0,-0.1
2011-12,23,OKC,NBA,C,26,173,17.7,.592,.000,.333,9.2,21.6,15.8,2.7,2.4,6.7,15.7,14.9,,0.3,0.4,0.6,.176,,-1.3,2.2,1.0,0.1
2012-13,24,TOT,NBA,C,45,388,11.1,.563,.000,.250,8.7,26.7,17.7,3.4,0.7,4.6,20.6,12.7,,0.1,0.4,0.6,.070,,-3.5,0.6,-2.9,-0.1
2012-13,24,HOU,NBA,C,30,213,7.3,.532,.000,.209,6.5,23.7,15.2,4.1,0.7,3.2,23.0,12.5,,-0.1,0.3,0.2,.038,,-5.6,0.6,-5.0,-0.2
2012-13,24,SAC,NBA,C,15,175,15.7,.598,.000,.297,11.5,30.4,20.7,2.6,0.6,6.3,17.7,12.9,,0.2,0.2,0.4,.109,,-1.0,0.5,-0.5,0.1
2013-14,25,NYK,NBA,C,46,330,19.1,.620,.000,.492,12.8,33.8,23.0,6.4,1.3,8.1,19.5,13.0,,0.6,0.6,1.2,.178,,-0.1,1.6,1.5,0.3
2014-15,26,NYK,NBA,C,61,976,18.1,.513,.000,.213,11.6,28.9,20.0,13.3,2.0,5.5,15.2,18.3,,0.8,1.4,2.2,.107,,-0.8,1.1,0.3,0.6
2015-16,27,LAC,NBA,C,60,800,21.3,.626,.000,.373,11.9,27.1,19.6,10.0,2.9,6.7,19.6,18.4,,1.4,2.0,3.5,.209,,-0.9,3.4,2.4,0.9
2016-17,28,MIN,NBA,C,62,531,12.7,.549,.000,.256,11.0,23.9,17.4,6.4,2.4,3.7,15.1,9.4,,0.6,0.7,1.3,.116,,-2.3,1.5,-0.8,0.2
2017-18,29,MIN,NBA,C,21,49,6.0,.340,.000,.400,7.0,28.6,17.6,8.2,2.0,1.8,5.4,16.8,,-0.1,0.1,0.0,-0.013,,-6.8,-0.7,-7.5,-0.1
2006-07,21,POR,NBA,C,63,1392,17.1,.533,.004,.240,12.6,15.3,13.9,3.2,0.9,4.2,7.5,19.3,,2.5,1.0,3.4,.118,,-0.4,-1.0,-1.4,0.2
2007-08,22,POR,NBA,PF,76,2649,18.5,.523,.006,.257,9.8,15.8,12.8,8.8,1.1,2.8,8.9,25.3,,3.5,2.8,6.2,.113,,0.6,-0.4,0.2,1.5
2008-09,23,POR,NBA,PF,81,3004,19.1,.529,.023,.269,9.5,15.6,12.5,9.3,1.4,2.0,8.0,23.7,,6.1,3.3,9.5,.151,,1.7,-0.4,1.3,2.5
2009-10,24,POR,NBA,PF,78,2922,18.2,.535,.014,.260,8.1,18.6,13.3,9.9,1.3,1.3,7.4,22.9,,5.5,3.3,8.8,.145,,1.4,-0.2,1.2,2.3
2010-11,25,POR,NBA,PF,81,3211,21.5,.549,.016,.314,10.1,17.2,13.5,10.1,1.4,2.4,8.7,25.7,,7.6,3.5,11.1,.166,,2.6,-0.5,2.1,3.4
2011-12,26,POR,NBA,PF,55,1994,22.7,.560,.012,.291,8.6,17.5,12.9,13.2,1.3,1.7,9.5,27.0,,5.4,1.6,7.0,.169,,3.4,-0.4,3.0,2.5
2012-13,27,POR,NBA,PF,74,2790,20.4,.530,.011,.264,7.2,20.9,14.0,13.0,1.2,2.5,8.9,26.5,,4.8,2.3,7.2,.124,,1.7,-0.4,1.3,2.3
2013-14,28,POR,NBA,PF,69,2498,21.8,.507,.011,.253,7.2,25.5,16.5,13.0,1.3,1.9,7.2,29.8,,4.0,3.5,7.5,.144,,2.3,0.1,2.3,2.7
2014-15,29,POR,NBA,PF,71,2512,22.8,.528,.074,.256,7.7,22.9,15.5,9.2,1.0,1.9,7.2,30.2,,4.9,3.7,8.6,.165,,3.2,-0.3,2.9,3.1
2015-16,30,SAS,NBA,PF,74,2261,22.4,.565,.015,.289,9.2,22.2,15.9,8.1,0.9,2.8,7.8,25.9,,5.6,4.5,10.1,.215,,2.0,0.3,2.3,2.5
2016-17,31,SAS,NBA,PF,72,2335,18.6,.532,.053,.258,8.5,16.6,12.7,9.9,1.0,3.0,7.7,24.5,,3.5,3.7,7.2,.149,,0.7,0.1,0.8,1.7
2017-18,32,SAS,NBA,C,75,2509,25.0,.570,.068,.296,10.8,17.3,14.0,11.3,0.9,3.0,6.8,29.1,,7.4,3.5,10.9,.209,,4.3,-0.4,3.9,3.7
2018-19,33,SAS,NBA,C,81,2687,22.9,.576,.032,.312,10.3,19.8,15.1,11.6,0.8,3.4,8.8,26.9,,6.4,2.9,9.3,.167,,2.4,-0.6,1.8,2.6
2019-20,34,SAS,NBA,C,53,1754,19.7,.571,.198,.241,6.3,17.8,12.0,11.4,1.0,4.4,7.8,23.4,,3.0,1.4,4.5,.122,,1.8,-0.5,1.4,1.5
2020-21,35,TOT,NBA,C,26,674,15.7,.556,.270,.159,3.0,15.8,9.4,11.0,0.8,3.7,7.9,22.2,,0.5,0.6,1.1,.080,,-0.2,-0.2,-0.3,0.3
2020-21,35,SAS,NBA,C,21,544,15.1,.545,.302,.149,3.3,15.4,9.2,10.2,0.7,2.8,7.0,22.7,,0.3,0.5,0.8,.067,,-0.2,-0.7,-0.9,0.2
2020-21,35,BRK,NBA,C,5,130,18.2,.611,.104,.208,1.8,17.8,10.2,14.3,1.1,7.4,11.8,19.9,,0.2,0.2,0.4,.135,,0.1,2.1,2.2,0.1
2021-22,36,BRK,NBA,C,47,1050,19.6,.604,.100,.223,7.8,18.7,13.4,6.3,0.6,4.0,8.0,22.4,,2.1,1.0,3.1,.141,,1.3,-0.6,0.7,0.7
2015-16,20,POR,NBA,PF,8,36,11.6,.500,.000,.000,6.0,12.1,9.0,0.0,1.4,4.4,9.1,13.3,,0.0,0.0,0.0,.052,,-0.5,0.5,0.0,0.0
1995-96,22,SAS,NBA,PG,60,560,8.7,.506,.426,.161,1.9,6.3,4.2,31.6,2.5,0.3,29.1,18.8,,-0.5,0.7,0.2,.021,,-4.2,-0.1,-4.3,-0.3
1996-97,23,SAS,NBA,PG,80,1454,14.3,.528,.514,.263,2.3,8.0,5.1,30.0,3.1,0.9,21.1,22.2,,0.5,0.6,1.1,.035,,0.3,-0.8,-0.6,0.5
1997-98,24,TOT,NBA,PG,60,1298,15.2,.548,.440,.255,1.5,11.7,6.6,28.7,2.9,0.6,20.1,19.8,,1.0,1.2,2.2,.081,,0.4,0.1,0.5,0.8
1997-98,24,SAS,NBA,PG,37,501,11.1,.512,.441,.255,1.7,8.7,5.4,23.2,2.7,0.7,22.6,19.5,,-0.2,0.8,0.7,.065,,-2.3,1.1,-1.2,0.1
1997-98,24,DEN,NBA,PG,23,797,17.8,.569,.439,.255,1.4,13.5,7.3,32.1,3.0,0.6,18.6,19.9,,1.2,0.3,1.5,.091,,2.1,-0.6,1.5,0.7
1998-99,25,DEN,NBA,PG,36,778,11.0,.467,.404,.169,1.0,10.3,5.5,26.6,2.4,0.5,19.8,20.3,,-0.2,0.0,-0.3,-0.016,,-2.1,-1.3,-3.4,-0.3
1999-00,26,DEN,NBA,PG,29,329,8.8,.381,.357,.224,2.6,11.3,6.9,25.7,3.7,0.4,20.6,18.0,,-0.5,0.4,-0.1,-0.012,,-4.1,1.8,-2.4,0.0
2000-01,27,ORL,NBA,PG,26,227,6.3,.407,.286,.321,0.0,12.5,6.1,23.5,3.6,0.0,28.1,17.3,,-0.5,0.3,-0.1,-0.031,,-7.2,1.2,-6.0,-0.2
2004-05,31,CHA,NBA,SG,16,201,8.8,.451,.388,.245,4.3,12.6,8.2,27.7,2.3,0.4,25.9,16.2,,-0.2,0.2,0.0,.002,,-3.6,0.2,-3.4,-0.1
2000-01,23,TOT,NBA,PG,65,1382,11.6,.484,.080,.262,3.5,8.4,5.9,8.0,1.7,0.3,10.5,23.2,,0.3,0.5,0.8,.027,,-2.4,-1.9,-4.3,-0.8
2000-01,23,DAL,NBA,PG,38,472,6.8,.404,.056,.253,4.9,9.9,7.5,6.9,1.7,0.5,9.6,21.1,,-0.5,0.4,-0.1,-0.013,,-5.5,-0.8,-6.2,-0.5
2000-01,23,WAS,NBA,PG,27,910,14.2,.519,.091,.266,2.8,7.6,5.1,8.6,1.7,0.2,10.9,24.3,,0.9,0.1,0.9,.048,,-0.8,-2.5,-3.3,-0.3
2001-02,24,WAS,NBA,SG,56,1325,13.6,.521,.038,.255,3.7,9.3,6.5,11.3,1.4,0.4,10.2,20.4,,1.6,0.6,2.2,.080,,-0.9,-1.3,-2.2,-0.1
2002-03,25,NOH,NBA,PG,66,1360,9.3,.459,.113,.289,3.3,6.8,5.0,9.8,1.2,0.3,10.7,21.3,,0.1,1.0,1.1,.040,,-3.3,-1.2,-4.5,-0.9
2008-09,22,MIL,NBA,SF,59,716,10.1,.494,.188,.339,6.9,12.3,9.5,9.5,1.1,3.4,15.6,20.9,,-0.3,0.7,0.4,.030,,-3.4,-0.1,-3.5,-0.3
2009-10,23,CHI,NBA,SF,8,29,2.8,.273,.167,.500,7.8,11.3,9.6,9.3,1.8,2.6,0.0,11.3,,0.0,0.0,0.0,.030,,-9.1,0.9,-8.3,0.0
2019-20,23,MIA,NBA,C,2,13,4.7,.500,.000,.000,17.9,8.3,12.9,0.0,0.0,0.0,33.3,10.2,,0.0,0.0,0.0,-0.003,,-6.4,-3.7,-10.1,0.0
2020-21,22,PHO,NBA,SG,15,47,4.2,.349,.750,.167,4.9,19.0,12.1,15.4,0.0,1.9,18.9,15.0,,-0.1,0.0,0.0,-0.048,,-4.8,-1.7,-6.5,-0.1
1991-92,22,GSW,NBA,C,80,1350,13.9,.561,.002,.325,8.7,18.3,13.6,3.1,1.5,2.7,14.8,18.3,,1.1,1.4,2.5,.090,,-1.6,-0.4,-2.0,0.0
1992-93,23,GSW,NBA,C,72,1753,14.3,.548,.033,.243,8.4,18.4,13.4,7.8,0.9,1.9,14.0,20.0,,1.6,1.4,3.0,.083,,-1.0,-0.6,-1.6,0.2
1993-94,24,GSW,NBA,C,69,1318,14.0,.539,.026,.257,9.5,15.7,12.6,7.3,1.0,1.5,13.3,20.2,,1.1,1.1,2.3,.083,,-1.1,-0.9,-2.1,0.0
1994-95,25,GSW,NBA,C,50,1237,12.8,.530,.056,.134,7.7,18.4,13.0,7.8,1.1,1.6,13.8,18.8,,0.3,0.8,1.1,.044,,-2.2,-0.7,-2.9,-0.3
2001-02,32,DET,NBA,C,15,97,9.2,.367,.039,.157,8.6,26.6,17.6,11.5,0.0,0.7,8.4,28.9,,-0.3,0.1,-0.1,-0.073,,-5.3,-3.5,-8.8,-0.2
2019-20,21,NOP,NBA,SG,47,591,8.9,.473,.500,.139,1.6,13.5,7.5,21.1,1.3,1.1,16.1,23.3,,-0.7,0.4,-0.2,-0.020,,-3.2,-1.4,-4.6,-0.4
2020-21,22,NOP,NBA,SG,46,1007,12.5,.522,.478,.144,1.4,14.1,7.8,14.7,2.2,2.1,12.4,23.2,,-0.3,1.0,0.7,.035,,-1.4,0.1,-1.3,0.2
2021-22,23,TOT,NBA,SG,65,1466,10.5,.475,.497,.160,2.7,11.5,7.1,16.1,1.5,1.5,11.3,24.1,,-1.1,1.1,0.1,.003,,-1.8,-1.1,-2.9,-0.3
2021-22,23,NOP,NBA,SG,50,1317,10.5,.474,.483,.153,3.0,11.0,6.9,16.1,1.5,1.4,11.2,24.8,,-1.1,0.9,-0.1,-0.005,,-1.7,-1.3,-3.0,-0.3
2021-22,23,UTA,NBA,SG,15,149,10.2,.497,.688,.250,0.8,15.6,8.5,15.5,1.7,2.4,13.1,17.9,,0.0,0.2,0.2,.070,,-2.9,1.2,-1.7,0.0
2022-23,24,UTA,NBA,SG,16,187,11.9,.554,.525,.148,1.8,10.4,6.2,18.6,2.8,1.7,17.7,17.7,,0.1,0.2,0.3,.069,,-2.1,0.5,-1.6,0.0
2018-19,21,CHI,NBA,SG,10,120,8.1,.418,.308,.308,9.9,13.7,11.8,15.2,0.4,0.0,15.3,19.0,,-0.1,0.0,-0.1,-0.042,,-3.8,-3.5,-7.3,-0.2
2018-19,23,UTA,NBA,SG,38,416,7.5,.516,.556,.337,0.8,5.1,3.0,8.9,0.7,1.1,13.9,24.4,,-0.4,0.4,0.0,.002,,-4.2,-2.1,-6.3,-0.5
2019-20,24,MEM,NBA,SG,38,718,12.0,.609,.562,.179,1.2,11.1,6.2,10.0,0.7,0.2,10.9,17.6,,0.8,0.4,1.2,.082,,-0.1,-1.2,-1.3,0.1
2020-21,25,MEM,NBA,SG,50,1259,12.8,.586,.662,.220,1.6,12.0,6.7,11.5,1.7,0.6,9.6,16.8,,1.5,1.2,2.7,.101,,-0.2,0.1,-0.2,0.6
2021-22,26,MIL,NBA,SG,66,1805,12.7,.609,.684,.130,1.9,10.9,6.5,7.6,1.2,1.0,6.7,15.2,,2.8,1.4,4.2,.110,,0.6,-0.2,0.4,1.1
2022-23,27,MIL,NBA,SG,21,569,14.3,.650,.623,.305,3.6,10.3,7.0,13.3,1.4,0.7,12.5,14.8,,1.2,0.7,1.9,.158,,0.8,0.7,1.5,0.5
2017-18,19,BRK,NBA,C,72,1441,17.5,.636,.038,.370,10.5,18.1,14.3,5.4,0.9,4.6,15.1,16.3,,2.7,1.5,4.2,.141,,-0.9,0.1,-0.8,0.5
2018-19,20,BRK,NBA,C,80,2096,18.5,.632,.079,.489,9.6,24.0,16.8,7.9,1.0,4.5,13.0,15.9,,4.4,3.3,7.6,.175,,0.2,1.4,1.6,1.9
2019-20,21,BRK,NBA,C,70,1852,20.7,.664,.013,.581,12.3,24.9,18.7,8.9,1.0,4.2,11.7,14.9,,5.2,2.9,8.2,.212,,1.4,1.0,2.3,2.0
2020-21,22,TOT,NBA,C,63,1864,20.1,.661,.039,.602,11.6,26.3,18.9,8.7,0.8,4.3,14.1,16.6,,4.3,2.1,6.4,.166,,1.3,-0.2,1.1,1.4
2020-21,22,BRK,NBA,C,12,320,21.5,.730,.000,.938,13.8,28.6,21.6,8.3,1.1,5.2,19.3,15.5,,1.0,0.5,1.4,.216,,1.7,0.9,2.6,0.4
2020-21,22,CLE,NBA,C,51,1544,19.8,.649,.046,.549,11.2,25.9,18.3,8.8,0.8,4.1,13.1,16.8,,3.4,1.6,5.0,.155,,1.2,-0.4,0.8,1.1
2021-22,23,CLE,NBA,C,56,1809,23.0,.698,.018,.428,12.0,24.5,18.4,8.2,1.2,3.7,12.7,18.1,,5.4,3.0,8.5,.225,,2.7,1.2,3.9,2.7
2022-23,24,CLE,NBA,C,18,582,18.9,.637,.011,.322,11.1,27.7,19.6,6.1,1.0,3.5,13.5,17.6,,1.1,1.2,2.3,.188,,0.7,1.3,2.0,0.6
2017-18,25,BOS,NBA,PG,18,107,2.6,.366,.500,.409,4.1,7.1,5.6,15.2,1.4,1.6,25.7,14.6,,-0.2,0.1,-0.1,-0.038,,-8.3,0.6,-7.7,-0.2
2018-19,26,NYK,NBA,PG,19,416,16.2,.574,.255,.383,2.0,11.1,6.4,28.7,1.9,0.8,13.6,19.6,,0.7,0.2,1.0,.111,,0.2,0.3,0.5,0.3
2019-20,27,NYK,NBA,PG,10,117,14.0,.512,.364,.250,1.8,6.6,4.1,27.0,2.1,1.6,14.1,20.6,,0.1,0.1,0.1,.053,,-0.3,-0.7,-0.9,0.0
2011-12,22,PHI,NBA,PF,41,624,12.7,.488,.000,.084,8.3,22.2,15.2,8.4,1.1,2.2,10.4,14.5,,0.4,1.2,1.6,.124,,-2.8,1.0,-1.7,0.0
2012-13,23,PHI,NBA,C,79,1669,11.5,.474,.002,.132,10.5,16.5,13.4,6.7,0.8,2.6,10.3,14.8,,0.9,1.6,2.5,.072,,-3.0,-0.3,-3.3,-0.6
2013-14,24,TOT,NBA,PF,65,1072,12.5,.470,.043,.167,11.7,20.0,15.7,10.1,1.1,2.4,12.0,14.6,,0.6,0.9,1.5,.066,,-2.6,-0.8,-3.5,-0.4
2013-14,24,PHI,NBA,PF,51,960,11.9,.464,.049,.150,11.5,20.0,15.6,10.2,1.1,2.2,12.4,14.3,,0.4,0.7,1.1,.053,,-2.9,-1.0,-3.8,-0.4
2013-14,24,IND,NBA,PF,14,112,17.5,.521,.000,.294,13.7,20.1,17.1,9.0,0.9,4.1,9.4,17.3,,0.2,0.2,0.4,.180,,-0.8,0.2,-0.5,0.0
2014-15,25,IND,NBA,C,63,1070,14.9,.493,.000,.157,12.8,20.5,16.7,10.9,0.7,3.1,11.1,15.2,,1.3,1.6,2.8,.127,,-0.5,0.5,0.0,0.6
2015-16,26,IND,NBA,PF,79,1599,12.4,.532,.000,.197,11.1,17.8,14.5,7.1,0.8,2.1,14.6,13.0,,1.6,2.1,3.7,.110,,-1.7,0.1,-1.6,0.2
2016-17,27,IND,NBA,PF,61,871,11.6,.485,.006,.196,13.7,14.5,14.1,9.1,1.0,2.4,13.7,10.9,,0.9,0.8,1.7,.093,,-1.5,-0.2,-1.7,0.1
2001-02,23,MIA,NBA,PF,12,161,15.0,.469,.020,.196,11.0,16.6,13.8,5.5,1.0,3.8,3.5,17.0,,0.2,0.3,0.5,.141,,-1.4,0.3,-1.1,0.0
2002-03,24,MIA,NBA,PF,80,2318,9.9,.455,.005,.153,6.5,14.9,10.6,4.4,0.9,2.6,13.2,19.7,,-1.7,2.6,0.9,.018,,-3.9,-0.4,-4.4,-1.4
2003-04,25,MIA,NBA,PF,45,616,10.5,.449,.000,.167,7.9,14.7,11.3,4.7,1.1,3.6,11.3,18.3,,-0.1,0.8,0.7,.051,,-3.7,-0.1,-3.8,-0.3
2004-05,26,TOT,NBA,PF,36,519,14.2,.512,.000,.158,9.0,13.3,11.0,5.7,0.9,3.2,8.7,18.1,,0.6,0.5,1.1,.100,,-1.0,-0.7,-1.8,0.0
2004-05,26,MIA,NBA,PF,14,248,13.6,.505,.000,.184,11.8,12.7,12.2,7.0,0.9,3.3,11.8,17.5,,0.3,0.3,0.6,.113,,-1.3,-0.3,-1.6,0.0
2004-05,26,CHA,NBA,PF,22,271,14.8,.518,.000,.139,6.4,13.8,9.9,4.6,1.0,3.1,6.1,18.7,,0.3,0.2,0.5,.088,,-0.8,-1.2,-2.0,0.0
2005-06,27,CHI,NBA,PF,54,701,11.5,.504,.004,.154,7.2,15.7,11.5,4.9,1.0,1.8,11.4,19.2,,0.0,1.0,1.0,.068,,-3.0,0.3,-2.7,-0.1
2006-07,28,CHI,NBA,PF,60,638,10.4,.443,.004,.132,7.6,13.7,10.6,4.2,1.4,2.0,7.1,20.5,,-0.2,1.1,1.0,.073,,-3.9,0.5,-3.4,-0.2
2007-08,29,TOT,NBA,PF,73,1096,9.8,.500,.006,.076,7.0,13.6,10.4,6.8,0.9,2.2,11.7,16.1,,0.1,0.9,1.0,.045,,-3.4,0.0,-3.5,-0.4
2007-08,29,NJN,NBA,PF,48,763,10.1,.489,.008,.050,6.4,13.1,9.7,6.8,1.0,2.1,10.7,17.9,,-0.2,0.5,0.4,.023,,-3.3,-0.3,-3.6,-0.3
2007-08,29,DAL,NBA,PF,25,333,9.1,.540,.000,.182,8.6,14.8,11.8,6.7,0.6,2.2,15.4,11.8,,0.3,0.4,0.7,.096,,-3.8,0.5,-3.3,-0.1
2008-09,30,MIL,NBA,PF,49,579,7.3,.435,.006,.124,6.8,14.5,10.5,9.5,0.6,1.7,10.0,15.4,,-0.2,0.5,0.3,.024,,-4.2,-0.2,-4.5,-0.4
2009-10,31,DEN,NBA,PF,51,456,5.9,.431,.052,.112,9.2,11.5,10.4,5.1,1.2,0.8,15.3,14.0,,-0.3,0.3,0.1,.009,,-4.7,-1.0,-5.7,-0.4
2010-11,32,ORL,NBA,PF,18,178,3.3,.361,.000,.065,8.1,12.8,10.5,3.3,0.3,1.7,8.6,9.1,,-0.1,0.2,0.2,.046,,-5.8,0.5,-5.4,-0.2
1996-97,21,MIL,NBA,SG,82,2532,14.6,.541,.328,.274,4.7,11.0,7.9,13.9,1.6,0.3,12.8,21.4,,3.3,1.5,4.9,.092,,0.8,-0.9,-0.1,1.2
1997-98,22,MIL,NBA,SG,82,3287,16.2,.539,.280,.297,4.7,10.4,7.5,19.3,1.8,0.3,15.0,24.3,,4.7,2.3,7.0,.102,,1.9,-0.9,1.0,2.5
1998-99,23,MIL,NBA,SG,50,1719,18.9,.564,.309,.290,4.1,10.7,7.4,18.8,1.7,0.3,13.9,24.5,,4.2,1.1,5.2,.146,,3.5,-1.0,2.4,1.9
1999-00,24,MIL,NBA,SG,82,3070,20.6,.570,.288,.282,3.2,10.5,6.8,17.0,1.9,0.5,10.3,25.6,,9.0,1.0,10.1,.157,,4.7,-1.1,3.6,4.3
2000-01,25,MIL,NBA,SG,82,3129,22.9,.610,.357,.299,3.7,11.8,7.8,20.4,2.1,0.5,12.1,24.4,,11.5,2.2,13.7,.211,,5.7,-0.3,5.5,5.9
2001-02,26,MIL,NBA,SG,69,2525,21.6,.598,.460,.213,3.9,10.1,7.1,19.4,1.9,0.5,11.2,26.2,,7.6,1.3,8.9,.169,,6.0,-1.1,4.9,4.4
2002-03,27,TOT,NBA,SG,76,2880,21.3,.565,.391,.253,3.8,11.8,7.8,21.6,1.9,0.4,11.6,27.8,,7.6,1.5,9.1,.152,,4.7,-1.0,3.6,4.1
2002-03,27,MIL,NBA,SG,47,1683,19.9,.564,.387,.243,3.1,12.1,7.6,17.5,1.8,0.5,11.6,27.8,,3.8,0.5,4.3,.123,,3.4,-1.9,1.6,1.5
2002-03,27,SEA,NBA,SG,29,1197,23.3,.567,.396,.268,4.7,11.4,8.0,27.3,2.1,0.2,11.5,27.7,,3.8,1.0,4.8,.193,,6.4,0.2,6.6,2.6
2003-04,28,SEA,NBA,SG,56,2152,21.7,.566,.372,.266,3.8,11.8,7.8,23.3,1.8,0.4,12.1,27.8,,6.5,0.4,6.9,.153,,5.5,-1.5,4.0,3.2
2004-05,29,SEA,NBA,SG,78,3064,20.9,.555,.372,.286,3.2,10.7,6.9,18.1,1.5,0.1,9.2,28.0,,9.7,1.0,10.7,.168,,5.3,-1.2,4.1,4.8
2005-06,30,SEA,NBA,SG,78,3022,22.2,.590,.435,.239,2.8,10.6,6.6,17.2,1.8,0.4,10.2,27.4,,9.8,-0.3,9.5,.150,,6.4,-2.0,4.4,4.9
2006-07,31,SEA,NBA,SG,55,2219,21.6,.564,.384,.268,3.1,10.4,6.7,19.0,1.9,0.4,10.7,29.5,,5.4,0.9,6.3,.136,,5.0,-1.3,3.7,3.2
2007-08,32,BOS,NBA,SG,73,2624,16.4,.584,.458,.240,3.6,8.3,6.1,14.6,1.3,0.5,10.4,21.6,,5.6,4.1,9.7,.177,,2.9,0.2,3.0,3.3
2008-09,33,BOS,NBA,SG,79,2876,17.3,.624,.467,.239,2.9,8.6,5.9,12.6,1.3,0.4,10.4,20.8,,7.4,3.7,11.1,.186,,3.7,0.3,4.0,4.3
2009-10,34,BOS,NBA,SG,80,2819,15.2,.601,.410,.260,2.0,8.8,5.5,12.3,1.2,0.7,10.6,20.2,,5.1,2.9,7.9,.135,,1.5,-0.3,1.2,2.3
2010-11,35,BOS,NBA,SG,80,2890,16.4,.615,.387,.224,2.3,9.0,5.8,12.7,1.4,0.4,9.8,19.8,,5.8,4.2,10.0,.166,,2.3,0.6,2.9,3.6
2011-12,36,BOS,NBA,SG,46,1565,14.8,.607,.475,.215,1.1,9.2,5.3,11.8,1.7,0.4,11.2,18.6,,2.5,2.2,4.7,.145,,1.5,0.7,2.2,1.6
2012-13,37,MIA,NBA,SG,79,2035,14.7,.599,.510,.243,2.6,10.1,6.6,10.2,1.7,0.6,12.5,19.3,,3.4,1.9,5.4,.126,,1.1,-0.8,0.3,1.2
2013-14,38,MIA,NBA,SG,73,1936,12.8,.590,.569,.214,1.6,11.4,6.7,11.1,1.5,0.4,12.4,16.8,,2.5,1.5,4.1,.101,,0.5,-0.9,-0.4,0.8
2004-05,23,BOS,NBA,SG,77,1262,14.7,.542,.080,.393,8.0,12.3,10.2,8.2,3.1,1.4,14.5,18.9,,1.2,1.6,2.7,.103,,-0.7,0.8,0.1,0.7
2005-06,24,BOS,NBA,PG,51,978,12.9,.554,.124,.489,4.1,9.6,6.9,11.2,2.7,1.4,16.8,18.8,,0.6,1.0,1.7,.082,,-2.3,0.9,-1.4,0.1
2006-07,25,BOS,NBA,SG,33,805,17.0,.596,.127,.517,5.1,13.6,9.2,12.5,3.2,1.2,19.1,22.1,,0.8,1.1,1.9,.111,,-0.2,1.2,1.0,0.6
2007-08,26,BOS,NBA,SG,75,1373,10.7,.527,.147,.465,3.1,11.0,7.3,13.1,2.4,1.3,18.9,19.6,,-0.1,2.8,2.7,.093,,-3.4,1.7,-1.7,0.1
2008-09,27,BOS,NBA,SG,46,887,12.9,.541,.095,.384,3.2,10.7,7.1,12.0,3.2,2.1,18.8,21.5,,-0.2,1.8,1.6,.085,,-2.4,2.5,0.1,0.5
2009-10,28,BOS,NBA,SG,54,889,14.2,.540,.020,.470,7.4,12.5,10.0,13.0,3.5,1.7,17.8,19.6,,0.2,1.6,1.9,.100,,-1.8,2.2,0.4,0.5
2010-11,29,MEM,NBA,SG,72,1494,18.4,.562,.047,.370,5.5,9.9,7.7,10.9,4.5,2.4,13.1,19.9,,2.0,2.7,4.7,.152,,0.1,3.5,3.6,2.1
2011-12,30,MEM,NBA,SG,58,1525,15.7,.541,.058,.391,7.4,10.6,8.9,8.3,3.6,1.8,15.2,18.4,,1.7,2.5,4.2,.131,,-0.6,2.3,1.7,1.4
2012-13,31,MEM,NBA,SG,79,2109,13.2,.489,.038,.293,6.6,13.8,10.2,7.6,3.1,1.7,11.5,17.8,,1.0,4.1,5.1,.115,,-2.0,2.4,0.4,1.2
2013-14,32,MEM,NBA,SG,55,1278,15.6,.531,.114,.293,7.3,12.0,9.6,11.7,3.8,1.2,16.2,20.1,,0.5,2.1,2.7,.100,,-1.1,2.1,1.0,1.0
2014-15,33,MEM,NBA,SG,63,1648,14.6,.528,.064,.277,7.2,12.2,9.7,8.1,4.1,1.5,14.4,16.6,,0.9,3.2,4.1,.119,,-1.5,3.1,1.6,1.5
2015-16,34,MEM,NBA,SG,64,1620,12.9,.505,.090,.294,7.0,14.1,10.4,6.9,3.5,1.0,12.8,16.8,,0.5,1.9,2.4,.072,,-2.2,1.2,-1.0,0.4
2016-17,35,MEM,NBA,SG,71,1914,13.3,.493,.091,.218,9.6,13.8,11.7,8.4,3.1,1.4,13.3,17.9,,0.2,2.9,3.1,.077,,-2.0,1.1,-1.0,0.5
2017-18,36,NOP,NBA,SF,22,273,8.7,.514,.132,.231,8.2,10.4,9.3,4.6,1.9,0.9,15.9,18.9,,-0.2,0.2,0.1,.017,,-5.2,-0.3,-5.5,-0.2
2007-08,26,CLE,NBA,C,3,10,-1.0,.307,.000,.500,0.0,11.8,5.7,0.0,0.0,0.0,0.0,22.1,,0.0,0.0,0.0,-0.125,,-8.1,-3.0,-11.1,0.0
2007-08,22,UTA,NBA,SG,9,39,2.0,.368,.267,.400,0.0,6.2,3.1,10.5,1.3,0.0,10.2,22.5,,-0.1,0.0,-0.1,-0.081,,-9.1,-2.9,-12.0,-0.1
2008-09,23,UTA,NBA,SG,25,255,7.3,.498,.210,.321,4.2,12.6,8.4,4.2,0.8,1.2,14.8,19.1,,-0.1,0.2,0.1,.010,,-4.5,-1.8,-6.3,-0.3
2011-12,26,WAS,NBA,SG,4,67,8.7,.382,.176,.176,1.7,11.9,6.7,4.4,5.4,0.0,5.2,12.9,,-0.1,0.1,0.0,.032,,-6.0,4.2,-1.8,0.0
1999-00,23,MIL,NBA,PG,27,361,4.3,.310,.147,.042,1.6,5.8,3.7,26.8,1.7,0.0,23.1,15.5,,-0.7,0.0,-0.7,-0.095,,-5.0,-2.3,-7.3,-0.5
2000-01,24,MIL,NBA,PG,37,288,12.1,.429,.357,.155,1.6,10.6,6.1,34.6,2.4,0.0,18.2,17.2,,0.1,0.2,0.3,.055,,-1.6,-0.5,-2.1,0.0
2001-02,25,MIL,NBA,PG,50,600,13.9,.434,.372,.152,2.0,11.4,6.9,36.4,2.8,0.2,16.4,19.0,,0.3,0.5,0.7,.059,,-0.3,-0.3,-0.7,0.2
2002-03,26,TOR,NBA,PG,47,980,14.4,.510,.388,.161,2.3,10.4,6.2,34.0,2.1,1.1,19.3,20.7,,0.7,0.5,1.2,.059,,0.2,-1.0,-0.8,0.3
2003-04,27,MIA,NBA,PG,82,2581,13.7,.509,.568,.175,1.2,9.1,5.1,24.9,2.4,0.6,13.5,17.3,,3.1,2.8,5.9,.110,,0.2,0.7,0.9,1.9
2004-05,28,TOR,NBA,PG,80,2717,16.5,.522,.399,.265,1.7,10.1,5.8,31.7,2.2,0.2,13.5,21.2,,3.8,1.7,5.5,.098,,1.4,-0.5,0.9,2.0
2005-06,29,HOU,NBA,PG,63,2431,12.6,.475,.423,.194,1.8,10.4,6.1,30.8,2.3,0.5,16.4,18.8,,0.2,3.1,3.4,.067,,-1.0,0.6,-0.4,1.0
2006-07,30,HOU,NBA,PG,82,3040,12.9,.496,.519,.174,1.1,9.5,5.3,24.1,2.2,0.3,13.4,19.4,,1.7,4.9,6.6,.104,,-0.7,1.3,0.6,2.0
2007-08,31,HOU,NBA,PG,74,2526,13.2,.492,.440,.148,1.3,10.2,5.8,25.2,2.1,0.5,14.0,20.7,,1.0,4.0,5.0,.095,,-0.5,1.0,0.5,1.6
2008-09,32,TOT,NBA,PG,77,2447,13.8,.494,.404,.254,1.6,8.8,5.3,27.0,2.3,0.3,13.3,19.9,,1.7,3.7,5.3,.104,,-0.3,1.1,0.8,1.8
2008-09,32,HOU,NBA,PG,48,1591,12.8,.484,.441,.209,1.9,8.4,5.3,25.9,1.9,0.3,13.4,19.2,,0.9,2.1,2.9,.088,,-0.3,0.4,0.2,0.9
2008-09,32,ORL,NBA,PG,29,856,15.6,.509,.339,.332,1.1,9.6,5.5,28.9,3.1,0.3,13.2,21.2,,0.8,1.6,2.4,.135,,-0.3,2.3,2.0,0.9
2009-10,33,TOT,NBA,PG,52,1421,8.2,.443,.377,.182,1.0,9.7,5.3,20.2,1.9,0.5,16.5,18.8,,-1.6,1.2,-0.4,-0.013,,-3.3,-0.5,-3.8,-0.6
2009-10,33,NJN,NBA,PG,27,766,8.7,.436,.314,.195,1.3,10.4,5.6,23.1,1.9,0.5,16.9,21.7,,-1.2,0.4,-0.8,-0.051,,-3.0,-1.1,-4.0,-0.4
2009-10,33,MIA,NBA,PG,25,655,7.7,.456,.479,.160,0.7,8.9,4.8,16.7,1.9,0.6,15.8,15.4,,-0.4,0.8,0.4,.031,,-3.7,0.3,-3.4,-0.2
2021-22,23,NOP,NBA,PG,54,834,16.4,.520,.374,.180,3.2,10.2,6.6,26.9,4.2,0.8,11.2,18.4,,1.0,1.1,2.1,.121,,-0.5,2.4,1.9,0.8
2022-23,24,NOP,NBA,PG,24,508,15.1,.586,.522,.134,2.2,9.8,6.0,21.7,2.7,0.7,14.0,19.1,,0.7,0.8,1.4,.134,,-0.2,1.4,1.2,0.4
1995-96,25,CLE,NBA,PF,28,357,3.1,.456,.000,.471,4.8,14.8,9.7,4.1,1.0,2.7,28.7,16.8,,-0.9,0.4,-0.6,-0.075,,-8.3,-0.9,-9.1,-0.6
1999-00,29,ORL,NBA,C,80,1684,13.2,.505,.009,.416,4.0,13.2,8.6,9.1,1.0,1.5,14.4,24.1,,0.6,1.8,2.4,.067,,-1.8,-0.8,-2.5,-0.2
2000-01,30,ORL,NBA,C,82,1710,8.7,.455,.012,.471,4.9,12.7,8.7,7.0,0.8,1.2,14.8,21.7,,-1.3,1.4,0.0,.001,,-4.3,-1.8,-6.1,-1.7
2001-02,31,UTA,NBA,PF,54,586,5.4,.412,.000,.633,10.6,11.8,11.2,7.8,0.6,1.4,20.6,20.6,,-1.0,0.3,-0.7,-0.056,,-5.4,-2.8,-8.2,-0.9
2002-03,32,UTA,NBA,C,50,474,3.1,.351,.000,.441,6.9,12.5,9.8,6.8,1.6,1.1,19.4,17.0,,-1.1,0.4,-0.7,-0.070,,-6.4,-1.6,-8.0,-0.7
2010-11,20,LAC,NBA,SF,81,1452,9.6,.499,.352,.293,6.1,15.4,10.8,6.4,2.1,1.3,18.3,17.3,,-0.8,1.4,0.7,.022,,-2.7,-0.1,-2.8,-0.3
2011-12,21,NOH,NBA,SF,66,1477,10.6,.481,.129,.312,7.8,16.9,12.4,7.2,2.2,1.9,18.0,16.2,,-0.4,1.8,1.4,.044,,-2.9,0.7,-2.2,-0.1
2012-13,22,NOH,NBA,SF,76,2066,13.7,.519,.040,.289,7.9,26.2,16.9,7.8,2.4,2.1,17.8,14.6,,0.7,2.4,3.1,.073,,-1.3,1.2,-0.1,1.0
2013-14,23,NOP,NBA,SF,80,2045,13.2,.516,.097,.277,7.2,21.2,14.1,8.4,2.1,1.6,13.7,14.3,,1.3,1.8,3.1,.072,,-0.9,0.3,-0.6,0.7
2014-15,24,DAL,NBA,SF,74,1366,14.4,.504,.347,.331,9.1,18.4,13.7,6.1,2.6,3.7,11.9,15.2,,1.2,2.0,3.3,.115,,-0.7,1.5,0.7,1.0
2015-16,25,POR,NBA,SF,82,2341,12.7,.533,.485,.217,4.5,18.6,11.5,8.8,1.5,1.8,13.2,16.9,,1.7,2.3,4.0,.082,,-0.2,0.2,0.1,1.2
2016-17,26,POR,NBA,PF,61,1773,11.3,.506,.455,.292,4.8,23.5,14.1,7.9,1.7,2.0,15.2,15.4,,-0.1,2.0,1.9,.051,,-1.4,0.4,-1.1,0.4
2017-18,27,POR,NBA,PF,69,2072,12.0,.522,.582,.137,5.2,22.3,13.8,5.8,1.9,1.6,11.3,14.8,,0.9,3.2,4.2,.097,,-0.7,1.1,0.4,1.3
2018-19,28,POR,NBA,PF,81,2292,13.2,.568,.472,.292,5.3,22.6,14.2,6.0,1.4,1.2,9.7,13.7,,3.0,2.8,5.8,.121,,0.1,0.6,0.7,1.5
2019-20,29,ORL,NBA,PF,18,380,7.6,.395,.419,.337,6.6,18.4,12.3,7.4,2.3,1.9,14.7,13.2,,-0.4,0.5,0.1,.014,,-4.4,1.4,-3.0,-0.1
2020-21,30,TOT,NBA,PF,23,434,8.9,.469,.374,.222,5.1,21.9,13.3,10.1,2.1,1.9,20.5,13.6,,-0.4,0.5,0.1,.010,,-4.9,1.1,-3.8,-0.2
2020-21,30,ORL,NBA,PF,17,367,9.9,.482,.348,.191,5.5,20.8,12.9,11.3,2.3,2.2,20.6,14.3,,-0.3,0.4,0.1,.014,,-4.4,1.3,-3.1,-0.1
2020-21,30,CHI,NBA,PF,6,67,3.0,.369,.600,.500,3.3,27.8,15.7,3.5,1.4,0.0,19.7,9.8,,-0.1,0.1,0.0,-0.013,,-7.5,0.2,-7.3,-0.1
2006-07,24,TOT,NBA,PF,11,89,9.6,.412,.000,.667,17.6,20.2,18.9,1.7,0.6,6.9,20.5,12.7,,-0.1,0.1,0.1,.039,,-4.6,-0.3,-4.8,-0.1
2006-07,24,UTA,NBA,PF,1,2,0.0,,,,0.0,0.0,0.0,0.0,0.0,0.0,,0.0,,0.0,0.0,0.0,-0.004,,-4.1,-3.1,-7.3,0.0
2006-07,24,PHI,NBA,PF,10,87,9.8,.412,.000,.667,18.0,20.6,19.3,1.7,0.6,7.1,20.5,13.0,,-0.1,0.1,0.1,.040,,-4.6,-0.2,-4.8,-0.1
2007-08,25,PHI,NBA,PF,16,64,7.4,.472,.000,.438,12.9,9.4,11.1,0.0,0.8,1.2,9.5,14.9,,0.0,0.0,0.1,.043,,-6.3,-2.1,-8.5,-0.1
2008-09,26,PHO,NBA,PF,76,1044,13.3,.530,.004,.480,14.9,15.3,15.1,3.7,1.5,4.6,15.6,15.1,,0.8,1.0,1.8,.082,,-2.2,-0.3,-2.5,-0.1
2009-10,27,PHO,NBA,PF,79,1168,14.4,.562,.004,.446,13.1,19.9,16.7,3.7,1.0,4.4,14.7,14.6,,1.5,1.3,2.9,.118,,-1.5,0.4,-1.1,0.3
2010-11,28,GSW,NBA,PF,46,691,11.5,.452,.000,.475,13.0,17.4,15.2,3.5,1.0,3.6,9.8,15.7,,0.2,0.5,0.6,.044,,-3.1,-1.4,-4.5,-0.4
2011-12,29,IND,NBA,PF,60,753,11.5,.438,.000,.396,14.1,19.0,16.6,3.0,1.9,4.6,15.6,17.3,,-0.3,1.3,1.0,.062,,-4.0,0.1,-4.0,-0.4
2012-13,30,TOT,NBA,PF,39,372,9.3,.392,.000,.444,14.7,18.7,16.7,4.5,2.3,2.6,16.4,14.2,,-0.3,0.4,0.1,.019,,-4.2,0.0,-4.2,-0.2
2012-13,30,MIN,NBA,PF,20,161,6.3,.342,.000,.526,15.9,17.6,16.7,2.8,2.2,2.9,19.0,16.1,,-0.4,0.2,-0.1,-0.038,,-6.9,-1.0,-7.9,-0.2
2012-13,30,CHI,NBA,PF,1,2,0.0,.000,.000,.000,56.7,0.0,28.7,0.0,0.0,0.0,0.0,23.0,,0.0,0.0,0.0,-0.274,,-4.7,-18.2,-22.8,0.0
2012-13,30,NOH,NBA,PF,18,209,11.7,.449,.000,.381,13.4,19.7,16.5,5.8,2.3,2.4,14.0,12.7,,0.1,0.2,0.3,.065,,-2.1,1.0,-1.1,0.0
2013-14,31,TOT,NBA,PF,19,185,9.1,.446,.000,.750,17.3,17.2,17.3,4.7,2.5,5.0,24.8,13.9,,-0.1,0.2,0.1,.024,,-6.6,0.1,-6.5,-0.2
2013-14,31,NOP,NBA,PF,18,184,9.2,.446,.000,.750,17.4,17.3,17.4,4.7,2.5,5.0,24.8,14.0,,-0.1,0.2,0.1,.024,,-6.7,0.1,-6.5,-0.2
2013-14,31,CHI,NBA,PF,1,1,0.0,,,,0.0,0.0,0.0,0.0,0.0,0.0,,0.0,,0.0,0.0,0.0,.029,,-4.4,-3.9,-8.3,0.0
2014-15,32,TOT,NBA,PF,53,937,11.8,.442,.004,.341,11.3,22.0,16.5,12.2,1.2,4.6,17.5,17.4,,-0.6,0.9,0.3,.017,,-4.1,-0.2,-4.3,-0.5
2014-15,32,CLE,NBA,PF,12,79,3.8,.387,.000,.417,7.4,21.5,14.5,8.7,0.7,0.0,26.0,11.0,,-0.1,0.1,0.0,-0.011,,-6.7,-1.5,-8.2,-0.1
2014-15,32,NYK,NBA,PF,41,858,12.5,.444,.004,.337,11.6,22.0,16.7,12.6,1.3,5.0,17.0,18.0,,-0.5,0.8,0.4,.020,,-3.8,-0.1,-3.9,-0.4
2015-16,33,NYK,NBA,PF,29,204,6.7,.401,.000,.509,12.5,13.7,13.1,8.8,1.5,2.6,18.8,17.7,,-0.3,0.2,-0.1,-0.014,,-6.7,-0.2,-6.9,-0.3
2001-02,23,DEN,NBA,C,24,262,13.8,.417,.054,.378,15.8,17.4,16.5,4.2,1.4,7.9,13.1,17.0,,0.0,0.3,0.3,.058,,-3.3,0.3,-3.0,-0.1
2002-03,24,DEN,NBA,C,59,907,14.0,.440,.004,.491,13.3,22.3,17.6,6.3,1.7,5.3,14.8,19.9,,-0.5,1.7,1.1,.059,,-2.4,0.4,-2.0,0.0
2003-04,25,DEN,NBA,PF,71,1029,14.4,.486,.005,.527,9.6,23.3,16.3,5.1,1.7,7.8,16.1,12.7,,0.5,1.9,2.4,.111,,-2.2,2.7,0.4,0.6
2004-05,26,NOH,NBA,C,67,1430,18.5,.581,.008,.531,10.9,23.6,17.0,9.1,0.5,5.6,12.7,16.4,,2.7,1.8,4.5,.152,,0.5,1.1,1.6,1.3
2005-06,27,NOK,NBA,C,32,570,14.1,.562,.000,1.051,12.4,20.2,16.2,1.7,0.8,5.9,15.4,13.9,,0.6,0.7,1.3,.112,,-2.0,0.9,-1.2,0.1
2007-08,29,NOH,NBA,C,5,34,6.1,.342,.000,.571,6.7,24.6,15.5,0.0,0.0,9.2,10.2,13.3,,-0.1,0.1,0.0,.012,,-6.7,0.2,-6.5,0.0
2008-09,30,DEN,NBA,C,71,1460,18.1,.608,.034,.620,13.4,21.6,17.6,3.2,1.4,9.3,15.7,13.4,,2.5,2.8,5.4,.176,,-0.3,2.4,2.2,1.5
2009-10,31,DEN,NBA,PF,76,1695,15.8,.631,.012,.940,10.1,22.7,16.4,2.8,1.3,6.3,14.3,10.8,,3.2,2.7,5.9,.166,,-0.1,1.9,1.8,1.6
2010-11,32,DEN,NBA,C,45,732,19.0,.636,.007,.985,12.2,22.1,17.3,4.0,1.6,6.0,11.3,13.5,,1.9,1.2,3.2,.207,,1.2,1.8,3.0,0.9
2011-12,33,DEN,NBA,C,32,486,18.9,.583,.000,.759,11.9,23.3,17.8,1.8,2.0,7.4,10.6,14.8,,1.0,0.8,1.9,.183,,0.5,1.8,2.3,0.5
2012-13,34,MIA,NBA,C,42,624,17.4,.631,.024,.756,11.9,21.5,17.0,4.0,1.4,5.8,12.8,14.4,,1.6,1.1,2.7,.207,,-1.0,0.8,-0.2,0.3
2013-14,35,MIA,NBA,C,72,1396,18.5,.683,.044,.615,12.1,21.7,17.1,2.1,1.2,6.1,13.2,13.8,,3.8,2.2,6.0,.205,,0.6,0.7,1.2,1.1
2014-15,36,MIA,NBA,C,60,1132,16.1,.622,.063,.551,8.2,23.2,15.9,6.1,1.2,4.6,13.5,12.3,,2.1,1.5,3.6,.151,,0.0,1.0,1.1,0.9
2015-16,37,TOT,NBA,C,27,402,15.3,.598,.194,.500,9.9,18.2,13.9,4.4,1.9,2.9,9.3,10.8,,0.8,0.4,1.3,.149,,0.7,0.0,0.7,0.3
2015-16,37,MIA,NBA,C,7,36,17.6,.553,.500,.400,9.8,18.3,14.2,12.2,1.4,6.4,14.5,17.5,,0.1,0.1,0.1,.165,,1.2,3.3,4.5,0.1
2015-16,37,MEM,NBA,C,20,366,15.1,.605,.145,.516,9.9,18.2,13.9,3.7,2.0,2.5,8.4,10.2,,0.7,0.4,1.1,.148,,0.6,-0.3,0.4,0.2
2016-17,38,CLE,NBA,C,12,114,11.6,.497,.136,.636,9.0,20.6,15.0,5.9,2.2,5.0,15.1,13.0,,0.1,0.2,0.2,.102,,-4.7,2.2,-2.5,0.0
2009-10,29,HOU,NBA,C,63,891,12.1,.497,.229,.197,6.7,20.6,13.4,8.1,0.9,1.0,9.1,20.2,,0.4,0.9,1.3,.070,,-2.0,-0.6,-2.6,-0.1
2010-11,30,TOT,NBA,PF,40,373,10.9,.513,.190,.182,6.4,21.0,13.6,5.6,0.7,2.0,14.4,19.1,,-0.1,0.3,0.3,.032,,-2.8,-0.7,-3.4,-0.1
2010-11,30,TOR,NBA,PF,11,150,13.8,.559,.213,.149,6.2,21.1,13.4,7.3,1.0,1.5,13.8,17.3,,0.1,0.1,0.2,.063,,0.0,-0.5,-0.5,0.1
2010-11,30,NOH,NBA,PF,29,223,8.9,.484,.176,.203,6.5,20.9,13.6,4.5,0.5,2.2,14.8,20.2,,-0.2,0.3,0.1,.012,,-4.6,-0.8,-5.4,-0.2
2005-06,23,CHA,NBA,SF,36,564,10.4,.520,.320,.227,4.4,10.3,7.2,9.3,1.0,0.6,13.9,18.2,,0.2,0.3,0.4,.037,,-1.7,-1.7,-3.3,-0.2
2006-07,24,CHA,NBA,SG,17,256,10.1,.538,.247,.284,4.9,10.0,7.4,13.8,1.4,0.0,19.4,20.1,,0.0,0.1,0.1,.024,,-3.4,-1.1,-4.5,-0.2
2011-12,29,TOR,NBA,SF,17,461,8.7,.519,.430,.239,2.1,6.5,4.3,9.5,0.6,0.5,13.7,18.6,,0.1,0.2,0.3,.032,,-1.7,-1.3,-3.0,-0.1
2012-13,30,TOR,NBA,SF,65,1495,12.6,.509,.463,.239,2.7,9.2,5.9,11.7,1.7,0.4,10.5,23.6,,0.8,0.8,1.6,.052,,-0.5,-1.3,-1.8,0.1
2013-14,31,BRK,NBA,SF,78,1773,9.5,.525,.511,.243,2.7,9.1,5.9,7.3,1.4,0.5,10.4,15.9,,0.8,0.9,1.7,.047,,-1.8,-1.0,-2.8,-0.4
2014-15,32,BRK,NBA,SG,74,1744,10.6,.563,.477,.230,2.0,11.1,6.6,7.2,1.7,0.2,11.0,14.2,,1.7,1.1,2.7,.075,,-1.7,0.2,-1.5,0.2
2015-16,33,WAS,NBA,SG,13,192,9.2,.495,.627,.254,0.6,15.5,7.9,10.3,1.0,0.4,3.0,15.4,,0.2,0.2,0.3,.078,,-2.4,0.1,-2.3,0.0
2016-17,34,LAC,NBA,SF,30,308,5.0,.494,.550,.200,1.1,7.4,4.4,4.9,0.5,0.0,7.4,13.7,,0.0,0.1,0.1,.020,,-4.2,-1.9,-6.1,-0.3
2009-10,24,OKC,NBA,SF,1,15,-1.7,.333,.000,.000,7.9,0.0,3.8,0.0,0.0,0.0,25.0,12.0,,0.0,0.0,0.0,-0.104,,-7.6,-4.8,-12.4,0.0
1997-98,23,CLE,NBA,SF,66,1839,15.3,.531,.143,.538,3.7,8.7,6.2,21.3,2.5,0.5,15.0,21.4,,2.6,2.8,5.3,.139,,0.3,1.4,1.7,1.7
1998-99,24,CLE,NBA,SG,38,978,16.5,.529,.220,.525,2.6,11.5,7.1,28.5,2.7,0.3,17.5,23.4,,1.1,1.0,2.1,.105,,1.3,0.3,1.6,0.9
1999-00,25,LAC,NBA,SG,64,2201,16.9,.542,.207,.359,3.9,9.3,6.5,17.9,2.1,0.3,14.4,23.4,,3.1,0.3,3.3,.073,,1.2,-1.2,-0.1,1.1
2000-01,26,SAS,NBA,SG,82,2859,17.1,.542,.255,.405,3.1,10.9,7.2,18.1,2.2,0.3,12.4,21.9,,5.6,4.3,9.9,.166,,1.2,1.2,2.4,3.2
2001-02,27,POR,NBA,SG,70,1860,15.5,.538,.373,.340,2.9,9.1,6.0,18.6,2.0,0.3,11.0,19.4,,3.8,1.5,5.3,.137,,1.4,0.2,1.6,1.7
2002-03,28,POR,NBA,PG,76,2556,16.9,.556,.398,.323,2.5,10.0,6.2,20.7,1.9,0.5,11.9,19.5,,5.9,2.2,8.1,.153,,2.2,0.1,2.3,2.8
2003-04,29,POR,NBA,SG,51,1810,15.1,.499,.423,.307,1.7,10.2,6.0,21.1,2.0,0.1,11.5,20.5,,2.7,0.9,3.6,.097,,0.8,-0.5,0.3,1.0
2004-05,30,POR,NBA,SG,47,1239,11.7,.503,.386,.223,2.4,9.2,6.0,18.9,1.6,0.2,14.0,18.5,,0.7,0.6,1.3,.052,,-0.6,-0.6,-1.2,0.2
2005-06,31,TOT,NBA,SG,43,1047,10.8,.496,.442,.366,2.4,13.3,8.0,15.7,1.2,0.5,13.3,18.2,,0.5,1.1,1.6,.074,,-1.3,0.1,-1.2,0.2
2005-06,31,HOU,NBA,SG,20,582,12.5,.527,.387,.422,2.5,14.1,8.4,16.1,1.4,0.6,15.3,19.8,,0.3,0.7,1.0,.084,,-0.4,0.7,0.3,0.3
2005-06,31,MIA,NBA,SG,23,465,8.7,.453,.515,.292,2.4,12.4,7.6,15.1,0.9,0.3,10.4,16.3,,0.2,0.4,0.6,.061,,-2.4,-0.7,-3.1,-0.1
2006-07,32,CHA,NBA,SF,50,1190,13.7,.586,.517,.361,2.8,8.6,5.6,17.6,2.3,0.5,14.1,15.1,,2.0,0.9,2.9,.117,,-0.3,0.6,0.4,0.7
2007-08,33,CHA,NBA,SG,28,396,10.0,.497,.416,.304,2.6,12.6,7.5,17.8,1.6,0.2,15.0,19.3,,0.0,0.3,0.3,.032,,-2.6,-0.7,-3.2,-0.1
2010-11,21,SAS,NBA,SF,26,286,8.5,.529,.568,.222,0.8,8.3,4.7,9.2,0.5,1.5,12.8,16.4,,0.1,0.2,0.3,.051,,-1.1,-0.6,-1.7,0.0
2011-12,22,SAS,NBA,SG,51,603,8.8,.483,.391,.299,3.1,11.8,7.5,9.6,0.7,0.2,13.2,17.2,,0.1,0.4,0.5,.040,,-2.7,-1.4,-4.1,-0.3
2012-13,23,TOT,NBA,SFSG,39,401,13.9,.539,.476,.222,5.2,15.0,10.2,15.8,1.9,0.9,15.3,18.0,,0.4,0.4,0.9,.106,,0.5,0.5,1.0,0.3
2012-13,23,SAS,NBA,SF,10,94,13.0,.587,.440,.360,3.9,12.8,8.6,13.9,1.6,1.5,19.5,17.6,,0.1,0.1,0.2,.109,,-0.4,0.8,0.4,0.1
2012-13,23,HOU,NBA,SG,29,307,14.2,.526,.485,.188,5.6,15.7,10.7,16.4,2.0,0.7,14.1,18.1,,0.4,0.3,0.7,.105,,0.7,0.4,1.2,0.2
2013-14,24,PHI,NBA,SG,80,2309,10.9,.530,.490,.148,2.7,11.7,7.0,9.9,1.6,1.0,12.2,15.9,,0.9,0.9,1.9,.039,,-1.5,-1.0,-2.6,-0.3
2015-16,26,SAC,NBA,SG,51,721,6.0,.469,.483,.163,2.0,10.9,6.5,7.7,1.4,1.6,18.0,13.7,,-0.6,0.4,-0.3,-0.017,,-3.9,-0.6,-4.5,-0.5
2015-16,22,DAL,NBA,SF,55,647,12.3,.522,.474,.314,3.1,19.3,11.2,6.8,1.5,3.2,10.8,15.8,,0.3,0.8,1.1,.083,,-1.1,1.4,0.3,0.4
2016-17,23,TOT,NBA,SF,75,1228,13.9,.537,.442,.294,6.2,16.9,11.4,8.8,1.7,1.6,11.7,20.9,,0.6,1.3,1.9,.074,,-0.9,-0.4,-1.3,0.2
2016-17,23,DAL,NBA,SF,51,710,14.7,.521,.440,.318,6.1,18.9,12.2,7.6,2.1,2.0,11.2,23.6,,0.1,0.9,1.0,.067,,-1.0,0.0,-1.0,0.2
2016-17,23,PHI,NBA,SF,24,518,12.8,.564,.444,.253,6.4,14.1,10.2,10.4,1.2,1.1,12.6,17.2,,0.5,0.4,0.9,.084,,-0.8,-1.0,-1.9,0.0
2017-18,24,PHI,NBA,SF,38,519,13.0,.540,.510,.188,5.4,13.6,9.6,7.1,1.4,1.1,6.8,19.3,,0.6,0.7,1.2,.115,,-0.6,-0.3,-0.9,0.1
2018-19,25,ATL,NBA,SF,48,463,11.2,.516,.490,.223,5.3,13.9,9.5,6.9,2.2,2.4,11.8,17.2,,0.1,0.4,0.4,.043,,-2.4,-0.3,-2.7,-0.1
2019-20,26,BRK,NBA,SG,10,107,3.2,.352,.763,.105,1.0,18.9,10.2,10.1,0.0,4.7,9.1,17.1,,-0.2,0.1,-0.1,-0.054,,-6.8,-1.0,-7.7,-0.2
2021-22,28,TOT,NBA,SF,16,316,10.4,.493,.621,.200,1.4,15.0,8.1,14.2,1.2,1.7,7.2,15.1,,0.2,0.2,0.4,.054,,-1.9,-1.3,-3.2,-0.1
2021-22,28,CLE,NBA,SF,3,47,10.7,.666,.750,.500,0.0,13.8,7.1,17.3,1.1,0.0,17.0,11.1,,0.1,0.0,0.1,.124,,-3.0,0.4,-2.6,0.0
2021-22,28,IND,NBA,SF,13,269,10.3,.475,.609,.172,1.6,15.2,8.3,13.6,1.3,1.9,6.0,15.8,,0.1,0.1,0.2,.041,,-1.7,-1.6,-3.3,-0.1
1991-92,21,NJN,NBA,PG,64,1086,12.8,.430,.027,.204,3.6,9.0,6.2,26.5,3.0,0.5,15.6,22.9,,-0.6,1.1,0.5,.022,,-1.7,-0.1,-1.8,0.1
1992-93,22,NJN,NBA,PG,55,2010,16.6,.487,.029,.273,2.8,9.5,6.1,34.7,2.4,0.3,13.8,23.1,,1.9,2.5,4.4,.106,,1.1,0.5,1.6,1.8
1993-94,23,NJN,NBA,PG,82,3135,18.2,.491,.096,.306,2.9,8.0,5.4,40.6,2.5,0.3,14.5,24.6,,4.3,3.2,7.5,.114,,2.5,-0.1,2.4,3.4
1994-95,24,NJN,NBA,PG,72,2689,18.0,.522,.285,.402,3.0,7.2,5.1,43.1,2.0,0.4,15.6,23.5,,4.8,2.0,6.8,.122,,3.0,-0.7,2.2,2.8
1995-96,25,TOT,NBA,PG,69,2344,19.5,.534,.307,.405,3.0,7.1,5.0,40.4,2.5,0.5,12.9,21.4,,6.1,1.6,7.7,.158,,4.1,0.2,4.3,3.7
1995-96,25,NJN,NBA,PG,31,1042,19.8,.511,.261,.495,3.8,6.9,5.3,40.4,2.6,0.6,11.1,21.8,,2.7,1.0,3.7,.172,,4.2,1.2,5.4,1.9
1995-96,25,CHH,NBA,PG,38,1302,19.2,.555,.346,.330,2.4,7.2,4.8,40.4,2.4,0.3,14.5,21.1,,3.4,0.6,4.0,.148,,4.1,-0.6,3.4,1.8
1996-97,26,POR,NBA,PG,82,3081,19.5,.540,.322,.383,3.6,10.2,7.0,31.7,2.8,0.4,12.7,22.2,,8.0,4.4,12.4,.193,,3.2,1.2,4.4,5.0
1997-98,27,TOT,NBA,PG,61,1858,14.8,.491,.237,.288,2.5,8.4,5.4,31.4,2.5,0.0,15.8,21.8,,1.7,2.0,3.7,.096,,0.3,0.0,0.3,1.1
1997-98,27,POR,NBA,PG,45,1472,13.3,.480,.252,.275,3.0,7.5,5.3,28.3,2.2,0.0,16.2,21.7,,0.8,1.6,2.3,.076,,-0.2,0.0,-0.2,0.7
1997-98,27,BOS,NBA,PG,16,386,20.4,.531,.184,.333,0.8,12.0,5.9,43.4,3.5,0.0,14.7,22.1,,1.0,0.4,1.4,.171,,2.1,0.2,2.4,0.4
1998-99,28,BOS,NBA,PG,34,1010,16.7,.513,.067,.283,2.6,9.1,5.7,32.5,1.7,0.1,15.0,20.9,,1.8,0.6,2.4,.116,,1.1,-1.0,0.1,0.5
1999-00,29,BOS,NBA,PG,82,2593,17.4,.524,.223,.257,2.3,7.9,4.9,26.7,2.7,0.2,10.6,20.5,,5.4,1.9,7.3,.136,,1.7,0.1,1.8,2.5
2000-01,30,BOS,NBA,PG,33,849,12.2,.476,.145,.313,2.1,8.2,5.0,26.5,2.7,0.2,16.8,16.6,,0.4,0.7,1.1,.063,,-1.9,-0.1,-2.0,0.0
2001-02,31,BOS,NBA,PG,76,2430,13.6,.472,.046,.184,2.5,10.1,6.2,28.1,3.0,0.3,13.3,16.7,,1.7,3.5,5.2,.103,,-2.3,1.9,-0.4,1.0
2002-03,32,TOT,NBA,PG,61,1135,13.6,.457,.018,.149,3.2,10.6,6.8,29.8,2.8,0.3,15.6,19.7,,0.4,1.3,1.6,.069,,-1.9,0.9,-1.0,0.3
2002-03,32,SEA,NBA,PG,38,689,15.9,.471,.022,.151,2.9,12.1,7.4,30.3,3.2,0.1,11.8,19.1,,0.7,0.8,1.5,.107,,-1.0,1.5,0.5,0.4
2002-03,32,NOH,NBA,PG,23,446,10.2,.435,.013,.147,3.6,8.2,5.9,29.0,2.2,0.6,20.8,20.6,,-0.4,0.5,0.1,.009,,-3.3,-0.1,-3.3,-0.2
2003-04,33,IND,NBA,PG,44,905,11.1,.473,.016,.188,2.5,8.2,5.3,24.2,1.6,0.4,15.3,17.1,,0.4,1.1,1.5,.079,,-2.3,0.6,-1.7,0.1
2004-05,34,TOT,NBA,PG,43,743,10.1,.467,.065,.184,3.6,10.5,6.9,22.2,2.3,0.0,18.4,16.1,,-0.1,0.3,0.2,.011,,-3.6,-0.4,-3.9,-0.4
2004-05,34,ATL,NBA,PG,39,717,10.4,.473,.068,.195,3.6,10.3,6.7,21.8,2.4,0.0,18.2,15.8,,0.0,0.3,0.2,.016,,-3.4,-0.3,-3.7,-0.3
2004-05,34,LAC,NBA,PG,4,26,2.9,.364,.000,.000,4.8,17.9,11.5,33.4,0.0,0.0,21.4,24.9,,-0.1,0.0,-0.1,-0.125,,-8.5,-3.1,-11.6,-0.1
2014-15,21,SAS,NBA,SF,33,358,8.2,.389,.124,.157,1.6,20.8,11.4,10.9,2.1,1.5,9.5,13.4,,-0.3,0.6,0.3,.044,,-3.8,2.3,-1.4,0.1
2015-16,22,SAS,NBA,SF,78,1245,12.9,.528,.125,.281,2.4,19.4,11.2,13.7,2.5,1.8,15.1,14.4,,0.7,2.8,3.5,.133,,-1.7,3.1,1.4,1.1
2016-17,23,SAS,NBA,SF,72,1020,12.5,.525,.191,.273,3.7,19.0,11.5,12.4,2.5,2.1,14.3,12.1,,0.7,2.0,2.7,.127,,-1.4,3.2,1.8,1.0
2017-18,24,SAS,NBA,SF,74,1978,15.9,.582,.130,.333,4.7,17.6,11.1,14.7,2.9,2.5,15.8,13.5,,2.4,3.8,6.2,.151,,-0.4,3.3,2.9,2.4
2018-19,25,MEM,NBA,SF,43,1281,12.8,.569,.123,.232,4.1,18.1,11.0,15.0,2.1,2.7,16.0,12.6,,0.8,1.8,2.7,.100,,-1.6,2.4,0.8,0.9
2019-20,26,MEM,NBA,SF,67,1330,12.5,.534,.257,.236,4.7,17.6,11.3,15.9,1.9,2.4,15.3,13.5,,0.9,1.7,2.5,.091,,-1.5,2.0,0.5,0.9
2020-21,27,MEM,NBA,PF,69,1887,17.2,.578,.397,.280,2.9,19.5,11.1,18.3,2.1,2.7,10.4,18.5,,2.9,2.7,5.6,.143,,1.4,1.9,3.3,2.5
2021-22,28,MEM,NBA,PF,69,1484,14.4,.506,.232,.224,4.8,21.6,13.0,16.2,2.5,2.7,12.1,16.2,,1.0,2.5,3.5,.113,,-0.9,2.1,1.2,1.2
2022-23,29,MIN,NBA,PF,19,420,13.0,.593,.231,.319,3.5,16.2,10.1,16.1,2.0,3.6,20.0,12.9,,0.3,0.5,0.8,.093,,-0.6,1.5,0.9,0.3
1989-90,22,ORL,NBA,SG,81,1785,14.9,.536,.023,.351,6.1,12.7,9.3,10.5,1.8,1.0,13.7,22.1,,1.2,0.7,1.8,.049,,0.0,-1.0,-1.0,0.5
1990-91,23,ORL,NBA,SG,70,1971,15.1,.510,.068,.302,4.9,16.7,10.7,8.5,1.8,1.3,10.4,22.4,,1.2,1.9,3.1,.075,,0.0,0.3,0.3,1.1
1991-92,24,ORL,NBA,SG,60,2203,16.4,.509,.082,.291,4.8,14.9,9.7,12.4,2.2,0.9,9.7,24.5,,1.6,2.0,3.6,.078,,1.1,0.0,1.2,1.8
1992-93,25,ORL,NBA,SG,79,2920,17.3,.524,.188,.304,5.0,13.0,9.2,14.7,2.2,1.2,9.9,24.5,,4.0,3.7,7.7,.126,,2.0,0.8,2.8,3.5
1993-94,26,ORL,NBA,SG,81,2811,16.9,.549,.298,.237,4.6,14.3,9.5,15.7,2.4,0.7,12.4,20.2,,4.6,3.0,7.6,.129,,2.0,0.6,2.5,3.2
1994-95,27,ORL,NBA,SG,76,2588,17.5,.593,.467,.220,3.9,10.7,7.4,17.4,2.4,0.6,12.2,19.1,,5.7,2.6,8.3,.154,,3.4,0.7,4.0,3.9
1995-96,28,ORL,NBA,SG,77,2717,16.5,.562,.476,.265,4.0,13.5,8.9,15.6,2.3,1.2,12.3,19.1,,4.2,3.3,7.4,.131,,2.3,0.6,2.9,3.4
1996-97,29,ORL,NBA,SG,63,2163,13.8,.494,.559,.130,3.5,13.2,8.2,14.5,3.0,1.1,10.1,18.2,,1.3,2.9,4.2,.093,,0.2,1.6,1.8,2.1
1997-98,30,ORL,NBA,SF,58,1701,19.6,.529,.284,.264,6.6,14.1,10.3,14.1,2.3,1.0,9.2,25.0,,3.1,2.1,5.3,.149,,4.0,0.7,4.8,2.9
1998-99,31,ORL,NBA,SF,47,1581,15.3,.493,.433,.253,3.7,16.9,10.2,10.7,2.2,0.7,10.4,22.8,,1.3,2.6,3.9,.118,,1.5,0.6,2.1,1.7
1999-00,32,SAC,NBA,SG,72,2094,11.8,.479,.508,.097,4.1,12.8,8.4,8.6,2.2,0.5,10.4,18.1,,0.3,2.5,2.8,.064,,-0.6,0.3,-0.3,0.9
2000-01,33,SAC,NBA,SG,21,169,6.4,.333,.684,.000,2.0,13.7,8.0,11.0,3.0,1.6,10.9,16.7,,-0.3,0.3,0.0,-0.011,,-4.6,1.4,-3.2,-0.1
2001-02,34,MEM,NBA,SG,15,219,4.9,.375,.632,.118,0.5,16.3,8.4,10.2,1.4,1.9,14.9,19.5,,-0.6,0.2,-0.4,-0.080,,-5.2,-0.6,-5.9,-0.2
2008-09,20,NJN,NBA,PF,66,1312,13.6,.532,.464,.285,9.3,19.0,14.1,6.4,1.8,1.2,12.1,18.6,,1.3,1.2,2.5,.090,,-0.3,-0.9,-1.1,0.3
2009-10,21,ORL,NBA,PF,63,911,18.1,.574,.544,.211,9.2,16.2,12.8,7.1,1.4,1.1,11.7,24.4,,1.7,1.4,3.1,.161,,2.6,-0.3,2.3,1.0
2010-11,22,ORL,NBA,PF,64,1424,19.0,.591,.650,.223,10.8,18.1,14.5,6.2,1.1,2.1,7.8,20.4,,4.0,2.5,6.4,.216,,4.2,0.4,4.6,2.4
2011-12,23,ORL,NBA,PF,61,1964,21.2,.589,.557,.226,13.0,14.7,13.8,5.1,1.4,1.0,6.4,21.2,,7.0,1.9,8.9,.219,,5.2,-1.1,4.0,3.0
2012-13,24,NOH,NBA,PF,81,2503,18.1,.548,.500,.161,8.9,15.9,12.4,6.9,0.9,1.0,7.5,24.0,,5.7,0.8,6.5,.125,,4.1,-2.1,2.0,2.5
2013-14,25,NOP,NBA,PF,22,795,18.8,.572,.463,.175,9.5,11.3,10.4,3.6,0.7,0.7,5.0,22.9,,2.2,0.1,2.3,.138,,4.5,-3.2,1.4,0.6
2014-15,26,NOP,NBA,PF,61,1675,15.6,.524,.492,.207,7.3,12.7,10.0,5.4,1.0,0.9,7.2,23.4,,2.6,0.9,3.5,.100,,1.8,-2.1,-0.3,0.7
2015-16,27,NOP,NBA,PF,66,2008,17.2,.546,.385,.245,7.0,15.2,10.9,6.1,0.9,1.0,8.0,24.7,,3.1,0.8,3.9,.092,,2.2,-2.4,-0.2,0.9
2016-17,28,HOU,NBA,PF,72,2116,13.5,.583,.655,.194,5.8,11.2,8.5,4.7,0.7,0.5,6.2,17.9,,4.0,1.1,5.2,.117,,1.7,-2.0,-0.4,0.9
2017-18,29,HOU,NBA,PF,66,1725,12.6,.592,.706,.194,6.2,15.4,10.8,5.1,0.7,1.0,7.5,14.4,,3.1,1.7,4.8,.132,,0.9,-0.8,0.1,0.9
2018-19,30,TOT,NBA,PF,25,322,4.6,.414,.580,.232,6.1,12.5,9.2,7.8,0.6,0.3,15.5,12.0,,-0.3,0.0,-0.2,-0.035,,-4.5,-1.9,-6.4,-0.4
2018-19,30,PHO,NBA,PF,15,278,4.6,.423,.567,.233,5.5,12.5,9.0,8.1,0.5,0.3,15.4,12.1,,-0.2,0.0,-0.2,-0.039,,-4.5,-1.9,-6.3,-0.3
2018-19,30,MIA,NBA,PF,10,44,4.5,.354,.667,.222,9.7,12.1,10.9,5.8,1.1,0.0,16.8,11.6,,0.0,0.0,0.0,-0.009,,-4.6,-1.9,-6.5,0.0
2019-20,31,HOU,NBA,C,2,14,9.4,.357,.714,.000,0.0,52.9,26.2,20.4,3.3,0.0,12.5,23.7,,0.0,0.0,0.0,-0.037,,-3.3,0.5,-2.8,0.0
1996-97,23,UTA,NBA,SG,65,1066,10.4,.534,.148,.311,6.5,14.0,10.5,7.1,1.4,0.6,16.8,18.9,,0.1,1.2,1.2,.056,,-2.3,-1.4,-3.6,-0.4
1997-98,24,UTA,NBA,SG,82,1602,15.7,.586,.064,.370,7.1,10.3,8.8,9.4,2.2,0.8,13.5,19.5,,2.9,1.4,4.2,.127,,0.8,-0.1,0.7,1.1
1998-99,25,UTA,NBA,SG,50,1072,12.8,.511,.113,.344,6.0,8.8,7.5,9.7,2.0,0.7,13.6,21.6,,0.7,1.3,2.0,.088,,-1.0,-0.1,-1.2,0.3
1999-00,26,HOU,NBA,SF,82,2700,13.8,.567,.289,.325,3.9,11.9,8.0,14.3,1.8,0.8,17.9,17.6,,3.0,1.9,4.9,.087,,-0.3,-0.2,-0.5,1.1
2000-01,27,HOU,NBA,SG,82,2396,11.9,.528,.288,.319,3.6,12.3,8.0,12.5,1.8,1.2,16.3,15.4,,1.9,2.0,3.9,.078,,-1.1,0.7,-0.4,0.9
2001-02,28,NYK,NBA,SG,82,1596,8.0,.489,.378,.287,4.1,13.9,9.0,7.7,1.6,0.7,18.8,15.1,,-0.9,1.3,0.4,.013,,-3.0,0.3,-2.8,-0.3
2002-03,29,NYK,NBA,SF,82,1731,13.4,.553,.261,.354,4.2,13.2,8.6,8.3,2.2,0.8,15.5,19.6,,1.2,1.4,2.7,.074,,-0.6,0.2,-0.3,0.7
2003-04,30,NYK,NBA,SG,80,1974,10.1,.500,.227,.285,3.1,9.7,6.5,10.2,1.8,0.7,15.7,17.7,,0.2,1.5,1.7,.042,,-2.4,0.1,-2.4,-0.2
2004-05,31,TOT,NBA,SFSG,66,1171,9.0,.518,.134,.304,4.3,14.4,9.5,8.7,1.8,0.9,16.9,11.8,,0.5,1.6,2.1,.085,,-3.1,1.5,-1.6,0.1
2004-05,31,NYK,NBA,SG,1,20,-6.5,.000,.500,.000,5.8,0.0,2.9,0.0,0.0,0.0,33.3,6.8,,-0.1,0.0,-0.1,-0.172,,-9.8,-4.8,-14.6,-0.1
2004-05,31,MIA,NBA,SF,65,1151,9.2,.522,.130,.307,4.2,14.6,9.6,8.8,1.8,0.9,16.7,11.9,,0.5,1.6,2.2,.090,,-3.0,1.6,-1.4,0.2
2005-06,32,MIA,NBA,SF,48,638,6.2,.470,.151,.143,3.5,11.1,7.5,6.9,1.4,0.7,15.2,11.4,,-0.1,0.7,0.5,.039,,-4.1,0.4,-3.7,-0.3
2005-06,19,CLE,NBA,C,6,9,15.5,.000,.000,.000,13.0,39.8,26.3,0.0,11.9,0.0,0.0,5.1,,0.0,0.0,0.0,.155,,-1.8,7.0,5.2,0.0
2017-18,19,IND,NBA,C,11,30,21.6,.558,.000,.667,19.0,15.0,16.9,0.0,1.7,8.9,14.7,20.3,,0.1,0.0,0.1,.165,,1.8,0.1,1.9,0.0
2018-19,20,IND,NBA,C,3,6,-6.0,.000,.000,.000,18.9,36.2,27.7,19.4,0.0,14.8,25.0,29.1,,-0.1,0.0,-0.1,-0.480,,-14.0,-2.3,-16.2,0.0
1997-98,23,DAL,NBA,C,41,680,13.2,.455,.069,.320,8.5,17.4,12.8,8.7,2.4,2.8,13.5,20.5,,-0.2,0.9,0.6,.044,,-3.4,0.6,-2.8,-0.1
1998-99,24,DAL,NBA,C,41,470,9.2,.418,.050,.345,8.3,14.9,11.6,9.3,2.1,2.0,14.0,18.2,,-0.2,0.4,0.3,.027,,-4.7,0.3,-4.4,-0.3
1999-00,25,CHI,NBA,C,73,1007,15.1,.512,.016,.404,10.3,22.5,16.3,13.2,1.5,1.8,15.7,23.1,,0.6,1.3,1.9,.090,,-2.1,-0.1,-2.3,-0.1
2013-14,19,MIL,NBA,SF,77,1897,10.8,.518,.282,.483,4.6,16.3,10.2,12.1,1.7,2.6,19.4,15.0,,0.1,1.1,1.2,.031,,-2.4,-0.1,-2.5,-0.2
2014-15,20,MIL,NBA,SG,81,2541,14.8,.552,.056,.445,4.5,19.7,12.2,13.1,1.5,2.8,15.6,19.6,,2.2,4.0,6.2,.117,,-1.2,1.2,0.0,1.2
2015-16,21,MIL,NBA,PG,80,2823,18.8,.566,.108,.404,4.6,20.0,12.4,20.0,1.7,3.4,14.8,22.3,,4.2,2.9,7.1,.121,,1.3,0.7,2.1,2.9
2016-17,22,MIL,NBA,SF,80,2845,26.1,.599,.143,.486,5.9,22.6,14.3,26.6,2.3,4.7,13.3,28.3,,7.9,4.5,12.4,.210,,4.9,2.4,7.3,6.7
2017-18,23,MIL,NBA,PF,75,2756,27.3,.598,.100,.457,6.7,25.3,16.0,23.7,2.0,3.3,11.7,31.2,,8.3,3.6,11.9,.207,,5.3,0.9,6.2,5.7
2018-19,24,MIL,NBA,PF,72,2358,30.9,.644,.163,.550,7.3,30.0,19.3,30.3,1.8,3.9,14.8,32.3,,8.9,5.5,14.4,.292,,6.3,4.1,10.4,7.4
2019-20,25,MIL,NBA,PF,63,1917,31.9,.613,.237,.508,7.7,34.8,22.1,34.2,1.5,3.0,13.2,37.5,,6.1,5.0,11.1,.279,,7.4,4.1,11.5,6.6
2020-21,26,MIL,NBA,PF,61,2013,29.2,.633,.201,.528,5.3,28.9,17.5,28.7,1.7,3.2,13.2,32.5,,6.9,3.3,10.2,.244,,6.2,2.8,9.0,5.6
2021-22,27,MIL,NBA,PF,67,2204,32.1,.633,.194,.615,6.6,30.4,18.7,31.7,1.6,4.0,12.2,34.9,,9.2,3.7,12.9,.281,,7.6,3.5,11.2,7.4
2022-23,28,MIL,NBA,PF,20,659,30.0,.598,.152,.569,6.5,28.4,17.7,33.9,1.2,2.5,12.0,39.0,,1.8,1.3,3.1,.224,,6.5,2.7,9.2,1.9
2018-19,21,DAL,NBA,PF,2,11,-0.9,.210,.000,1.333,0.0,9.7,4.9,0.0,8.8,0.0,17.4,22.5,,-0.1,0.0,-0.1,-0.247,,-12.6,-0.1,-12.7,0.0
2019-20,22,LAL,NBA,PF,5,20,16.3,.902,.000,.667,11.1,5.4,8.2,13.7,0.0,0.0,20.5,10.3,,0.1,0.0,0.1,.193,,0.2,-0.9,-0.7,0.0
2020-21,23,LAL,NBA,PF,15,56,0.0,.382,.000,1.300,8.1,29.9,19.1,2.3,1.7,6.4,41.2,20.7,,-0.3,0.1,-0.2,-0.174,,-13.3,0.8,-12.6,-0.1
2015-16,23,NYK,NBA,SF,2,6,32.9,.750,.250,.000,0.0,17.9,9.1,0.0,0.0,0.0,0.0,30.2,,0.0,0.0,0.0,.291,,3.7,2.2,5.9,0.0
2019-20,27,MIL,NBA,SF,20,129,12.2,.496,.208,.354,9.8,8.7,9.2,16.3,2.5,1.4,17.8,21.6,,-0.1,0.2,0.2,.070,,-4.6,1.4,-3.2,0.0
2020-21,28,MIL,NBA,SF,57,551,10.3,.523,.212,.358,10.7,12.9,11.8,10.3,1.9,1.6,21.3,15.3,,0.0,0.6,0.7,.057,,-3.7,0.2,-3.5,-0.2
2021-22,29,MIL,NBA,SF,48,473,12.5,.577,.109,.359,9.2,13.4,11.3,6.5,1.6,2.4,14.9,15.7,,0.4,0.5,0.9,.095,,-3.5,-0.1,-3.5,-0.2
2022-23,30,MIL,NBA,SF,12,44,0.8,.250,.250,.000,4.9,21.1,13.2,5.5,0.0,3.8,50.0,7.7,,-0.1,0.1,0.0,-0.054,,-8.1,0.8,-7.3,-0.1
2003-04,19,DEN,NBA,SF,82,2995,17.6,.509,.146,.358,6.8,12.1,9.4,13.8,1.7,1.0,12.7,28.5,,3.7,2.4,6.1,.098,,1.6,-1.6,0.1,1.6
2004-05,20,DEN,NBA,SF,75,2608,16.7,.526,.128,.466,6.3,12.5,9.4,13.1,1.3,0.9,13.1,29.2,,2.3,2.6,4.9,.090,,0.4,-1.6,-1.2,0.5
2005-06,21,DEN,NBA,SF,80,2941,22.0,.563,.097,.451,4.9,10.7,7.8,14.3,1.5,1.1,10.4,32.0,,6.8,2.6,9.4,.153,,3.5,-0.9,2.7,3.5
2006-07,22,DEN,NBA,SF,65,2486,22.1,.552,.103,.391,6.6,11.1,8.9,19.2,1.5,0.7,12.1,33.4,,5.2,2.1,7.3,.140,,3.2,-1.3,1.9,2.5
2007-08,23,DEN,NBA,SF,77,2806,21.1,.568,.111,.398,7.0,14.9,11.0,16.1,1.7,1.0,12.7,30.2,,5.2,3.0,8.2,.140,,2.5,-0.9,1.6,2.5
2008-09,24,DEN,NBA,SF,66,2277,19.0,.532,.141,.388,5.6,17.0,11.5,18.1,1.7,0.8,12.3,31.5,,2.4,2.6,5.0,.105,,1.5,-1.0,0.5,1.5
2009-10,25,DEN,NBA,SF,69,2634,22.2,.548,.125,.407,6.7,13.1,9.9,15.9,1.7,0.9,10.6,33.4,,5.6,2.4,7.9,.145,,3.5,-1.2,2.3,2.9
2010-11,26,TOT,NBA,SF,77,2751,21.7,.557,.167,.403,5.0,18.3,11.8,14.7,1.2,1.3,10.4,32.0,,5.4,2.5,7.9,.138,,3.2,-1.2,1.9,2.7
2010-11,26,DEN,NBA,SF,50,1774,21.2,.547,.130,.431,5.2,19.3,12.4,14.3,1.2,1.3,11.0,32.5,,2.8,1.9,4.7,.127,,2.4,-1.0,1.4,1.5
2010-11,26,NYK,NBA,SF,27,977,22.8,.575,.233,.351,4.8,16.5,10.6,15.3,1.3,1.1,9.4,31.0,,2.6,0.6,3.2,.157,,4.6,-1.7,2.9,1.2
2011-12,27,NYK,NBA,SF,55,1876,21.1,.525,.198,.358,5.4,15.9,10.6,21.0,1.7,1.0,10.8,31.8,,3.7,2.6,6.2,.160,,3.8,-0.2,3.6,2.7
2012-13,28,NYK,NBA,PF,67,2482,24.8,.560,.278,.344,6.1,15.9,10.8,14.1,1.1,1.1,9.3,35.6,,7.5,2.0,9.5,.184,,6.0,-1.7,4.3,3.9
2013-14,29,NYK,NBA,PF,77,2982,24.4,.561,.253,.329,5.6,19.4,12.3,15.8,1.7,1.5,9.5,32.4,,8.1,2.5,10.7,.172,,5.8,-0.8,5.0,5.3
2014-15,30,NYK,NBA,SF,40,1428,21.5,.531,.222,.294,5.7,16.0,10.7,18.0,1.5,1.0,8.9,32.2,,2.2,0.6,2.9,.097,,4.9,-1.9,3.0,1.8
2015-16,31,NYK,NBA,SF,72,2530,20.3,.530,.237,.308,4.3,19.5,12.0,21.9,1.3,1.1,10.6,29.7,,3.9,2.5,6.4,.121,,3.8,-0.5,3.3,3.4
2016-17,32,NYK,NBA,SF,74,2538,17.9,.535,.303,.263,2.6,16.0,9.3,14.5,1.2,1.1,9.0,29.1,,3.2,1.5,4.7,.089,,2.3,-1.6,0.7,1.7
2017-18,33,OKC,NBA,PF,78,2501,12.7,.503,.406,.165,2.9,17.7,10.0,6.5,0.9,1.8,7.3,23.2,,1.2,2.5,3.7,.071,,-0.6,-1.3,-1.9,0.0
2018-19,34,HOU,NBA,PF,10,294,10.9,.513,.529,.182,3.3,17.3,10.2,2.6,0.7,2.0,5.8,20.5,,0.1,0.2,0.3,.048,,-1.3,-1.4,-2.7,-0.1
2019-20,35,POR,NBA,PF,58,1902,12.4,.525,.289,.206,3.9,16.1,10.1,6.4,1.2,1.2,10.5,21.2,,0.4,0.9,1.3,.033,,-1.8,-1.8,-3.6,-0.8
2020-21,36,POR,NBA,PF,69,1690,14.6,.547,.418,.198,2.0,11.8,6.8,9.2,1.3,2.0,6.7,23.1,,1.7,0.8,2.6,.073,,0.2,-1.3,-1.1,0.4
2021-22,37,LAL,NBA,PF,69,1793,14.8,.579,.549,.220,3.7,13.5,8.6,5.6,1.3,2.6,6.9,20.4,,2.2,1.4,3.6,.097,,0.4,-0.8,-0.5,0.7
2020-21,20,ORL,NBA,PG,47,1273,12.1,.496,.312,.237,3.0,15.4,9.0,24.2,1.1,1.3,14.8,24.3,,-0.9,0.9,0.0,-0.001,,-1.9,-1.4,-3.3,-0.4
2021-22,21,ORL,NBA,PG,65,2059,13.5,.519,.429,.277,1.6,16.2,8.9,28.9,1.1,0.8,14.2,25.1,,-0.1,1.7,1.6,.038,,-0.6,-0.6,-1.2,0.4
2022-23,22,ORL,NBA,PG,9,246,14.4,.511,.359,.252,2.4,16.0,9.3,20.3,2.0,1.5,8.8,22.2,,0.2,0.2,0.4,.080,,-0.6,0.7,0.0,0.1
1991-92,24,NYK,NBA,PG,82,1510,10.6,.443,.126,.363,2.5,7.7,5.2,28.6,2.0,0.4,16.3,17.4,,0.2,2.0,2.2,.070,,-2.7,0.8,-1.9,0.0
1992-93,25,NYK,NBA,PG,70,1699,13.7,.469,.072,.379,2.8,8.1,5.6,33.3,3.4,0.5,17.5,15.1,,1.0,3.6,4.6,.131,,-0.6,3.3,2.7,2.0
1993-94,26,NYK,NBA,PG,80,1994,13.0,.487,.280,.294,2.5,8.1,5.4,27.3,3.0,0.5,16.5,17.0,,1.6,3.9,5.5,.132,,-0.8,2.4,1.6,1.8
1994-95,27,NYK,NBA,PG,61,943,15.0,.570,.529,.259,0.9,6.8,4.0,27.4,2.8,0.6,14.9,18.6,,1.5,1.4,2.9,.147,,0.9,1.7,2.5,1.1
1995-96,28,VAN,NBA,PG,69,2096,18.6,.530,.347,.380,1.6,8.4,4.9,41.9,2.9,0.4,14.9,23.3,,2.9,1.9,4.8,.111,,2.6,0.4,2.9,2.6
1996-97,29,VAN,NBA,PG,65,1863,16.6,.526,.469,.351,1.5,10.0,5.7,36.1,3.8,0.2,18.1,17.8,,2.3,1.2,3.5,.090,,0.9,0.5,1.5,1.6
1997-98,30,SEA,NBA,PG,80,1021,16.8,.545,.456,.229,2.1,10.7,6.5,32.1,3.4,0.2,19.1,21.6,,1.4,1.3,2.7,.127,,1.8,0.8,2.5,1.2
1998-99,31,POR,NBA,PG,50,806,16.6,.550,.498,.355,2.1,6.8,4.5,21.1,4.4,0.3,15.9,19.6,,1.3,1.5,2.8,.165,,0.9,3.1,4.1,1.2
1999-00,32,POR,NBA,PG,82,1548,13.0,.551,.560,.274,1.4,8.4,5.1,20.5,2.0,0.4,15.4,16.4,,2.3,1.8,4.1,.128,,0.4,0.8,1.2,1.2
2000-01,33,POR,NBA,PG,58,856,12.0,.525,.628,.138,3.0,5.4,4.3,14.8,2.5,0.3,13.8,16.9,,0.9,0.7,1.6,.090,,0.0,0.1,0.1,0.5
2001-02,34,TOT,NBA,PG,60,1514,12.6,.460,.343,.192,1.7,8.5,5.1,30.8,2.7,0.2,15.4,18.6,,0.2,0.9,1.1,.036,,-1.4,-0.4,-1.9,0.1
2001-02,34,CHI,NBA,PG,36,961,14.2,.475,.314,.244,1.9,9.0,5.3,35.7,2.7,0.3,15.4,18.0,,0.6,0.6,1.2,.059,,-0.3,-0.2,-0.5,0.4
2001-02,34,MIL,NBA,PG,24,553,10.0,.436,.388,.112,1.3,7.6,4.6,22.4,2.7,0.1,15.4,19.7,,-0.4,0.3,0.0,-0.004,,-3.4,-0.8,-4.2,-0.3
2007-08,25,MIA,NBA,PF,24,498,8.8,.521,.000,.817,9.0,13.4,11.2,0.9,1.0,5.0,17.2,9.4,,0.1,0.4,0.6,.054,,-5.3,-0.3,-5.5,-0.4
2008-09,26,MIA,NBA,C,65,1048,9.3,.521,.000,.390,10.1,12.4,11.2,3.7,1.0,7.2,22.9,8.0,,0.4,1.4,1.7,.079,,-4.5,1.8,-2.7,-0.2
2009-10,27,MIA,NBA,C,80,1322,10.2,.546,.000,.579,11.0,11.1,11.1,1.3,0.8,6.7,18.4,8.7,,1.0,2.0,3.1,.111,,-3.4,1.7,-1.7,0.1
2010-11,28,MIA,NBA,C,75,1463,7.3,.583,.000,.737,9.0,12.4,10.8,2.2,0.4,5.0,21.5,5.3,,1.2,2.1,3.3,.107,,-3.2,1.6,-1.6,0.2
2011-12,29,MIA,NBA,C,64,1349,10.3,.598,.000,.467,9.2,12.8,11.1,1.0,1.4,5.1,19.7,7.8,,1.2,2.2,3.4,.122,,-2.0,1.6,-0.5,0.5
2012-13,30,MIA,NBA,C,62,566,10.4,.542,.000,.412,10.4,14.4,12.5,3.1,1.2,6.1,21.5,8.6,,0.4,0.8,1.2,.100,,-2.3,0.9,-1.3,0.1
2013-14,31,TOT,NBA,C,33,186,8.1,.394,.000,.250,9.1,14.6,11.8,1.6,0.8,5.2,7.8,9.3,,0.0,0.2,0.2,.044,,-4.2,-0.8,-5.0,-0.1
2013-14,31,MIA,NBA,C,12,37,8.0,.436,.000,.333,7.1,16.4,11.9,0.0,0.0,9.4,12.7,10.2,,0.0,0.0,0.0,.049,,-5.2,-0.3,-5.5,0.0
2013-14,31,BOS,NBA,C,21,149,8.1,.384,.000,.231,9.6,14.1,11.8,1.9,1.0,4.1,6.5,9.1,,0.0,0.1,0.1,.043,,-4.0,-0.9,-4.9,-0.1
2014-15,32,DET,NBA,C,49,406,14.7,.607,.000,.355,8.2,17.0,12.4,1.8,1.5,9.5,14.3,9.1,,0.5,0.7,1.2,.142,,-2.9,3.1,0.2,0.2
2015-16,33,DET,NBA,C,19,96,14.1,.666,.000,.800,8.8,15.4,11.9,1.4,1.1,9.5,12.9,7.0,,0.2,0.2,0.4,.177,,-2.9,3.3,0.4,0.1
2016-17,34,SAS,NBA,C,19,122,11.6,.640,.000,.500,7.6,20.9,14.4,3.4,0.8,4.0,17.0,8.7,,0.1,0.2,0.4,.141,,-3.5,1.4,-2.1,0.0
2013-14,31,ATL,NBA,C,50,925,11.7,.545,.582,.224,7.2,18.9,13.1,9.8,1.0,1.0,14.5,18.6,,0.5,0.9,1.4,.075,,-1.6,-0.7,-2.3,-0.1
2014-15,32,ATL,NBA,C,63,1037,9.5,.508,.584,.416,6.6,14.0,10.4,6.9,0.9,1.1,12.3,17.6,,0.5,1.0,1.5,.070,,-3.0,-1.2,-4.1,-0.6
2017-18,20,TOR,NBA,SF,74,1481,10.0,.587,.569,.179,3.4,10.4,7.0,5.0,1.7,0.8,10.8,12.4,,1.4,1.6,3.0,.098,,-1.2,0.6,-0.6,0.5
2018-19,21,TOR,NBA,SF,67,1352,9.8,.544,.500,.153,4.8,10.8,7.9,4.7,1.6,1.3,11.3,15.5,,0.3,1.7,2.0,.070,,-2.4,0.1,-2.4,-0.1
2019-20,22,TOR,NBA,SF,69,2066,13.2,.600,.403,.180,4.2,14.2,9.3,7.5,2.2,2.1,11.5,14.3,,2.1,3.7,5.7,.134,,-0.8,2.0,1.2,1.7
2020-21,23,TOR,NBA,SF,43,1433,15.4,.605,.503,.197,4.0,14.6,9.1,10.1,2.2,2.2,11.7,19.3,,1.5,1.6,3.1,.104,,0.8,0.4,1.2,1.2
2021-22,24,TOR,NBA,SF,48,1728,14.8,.549,.455,.169,4.4,12.6,8.3,11.0,2.1,1.4,9.7,20.5,,1.8,1.9,3.7,.104,,0.4,0.1,0.5,1.1
2022-23,25,TOR,NBA,SF,25,910,16.4,.571,.313,.245,4.2,14.1,8.9,9.0,3.1,2.4,13.2,22.4,,0.6,1.2,1.8,.097,,0.1,0.8,0.8,0.7
2015-16,23,ORL,NBA,PG,5,27,-4.8,.338,.375,.250,0.0,4.2,2.1,5.0,1.9,0.0,25.3,19.5,,-0.1,0.0,-0.1,-0.199,,-13.2,-2.0,-15.1,-0.1
2004-05,24,TOR,NBA,C,59,736,7.1,.492,.017,.314,8.9,19.7,14.2,3.4,1.5,0.8,20.7,15.6,,-0.4,0.7,0.3,.016,,-6.5,-0.8,-7.4,-1.0
2005-06,25,TOR,NBA,C,52,601,4.5,.385,.007,.193,8.4,21.5,14.6,3.7,2.1,0.8,21.1,15.3,,-1.2,0.4,-0.8,-0.066,,-6.7,-1.0,-7.7,-0.9
2006-07,26,UTA,NBA,C,28,248,8.3,.463,.000,.446,10.8,21.5,16.2,6.1,1.3,0.7,17.9,17.1,,-0.1,0.3,0.1,.027,,-4.3,-0.9,-5.2,-0.2
2002-03,22,MEM,NBA,PF,12,72,2.4,.340,.000,.900,9.5,17.0,13.3,6.1,0.0,2.9,20.0,21.8,,-0.3,0.0,-0.2,-0.158,,-8.8,-3.3,-12.0,-0.2
2003-04,23,TOT,NBA,CPF,32,256,5.6,.343,.000,.939,9.4,14.0,11.7,7.9,3.0,0.9,17.7,10.7,,-0.2,0.4,0.2,.039,,-6.7,2.2,-4.5,-0.1
2003-04,23,PHO,NBA,PF,1,6,-5.1,.266,.000,2.000,0.0,19.1,9.5,22.2,0.0,0.0,34.7,21.7,,0.0,0.0,0.0,-0.285,,-11.1,-2.0,-13.2,0.0
2003-04,23,ORL,NBA,PF,1,4,20.6,.347,.000,1.000,0.0,29.0,14.2,0.0,13.2,0.0,0.0,32.6,,0.0,0.0,0.0,-0.080,,0.1,5.5,5.6,0.0
2003-04,23,TOR,NBA,C,30,246,5.6,.346,.000,.900,9.8,13.6,11.7,7.7,2.9,0.9,17.7,10.0,,-0.2,0.4,0.2,.049,,-6.7,2.3,-4.4,-0.1
2017-18,23,CHI,NBA,PG,24,304,7.3,.550,.756,.146,0.3,8.8,4.4,15.5,2.1,0.0,23.0,8.1,,0.1,0.2,0.3,.040,,-4.7,0.6,-4.1,-0.2
2018-19,24,CHI,NBA,PG,81,1961,11.6,.588,.519,.244,1.5,10.8,6.1,18.9,1.6,0.2,12.0,11.7,,2.8,0.9,3.7,.090,,-2.0,0.1,-1.9,0.1
2019-20,25,CHI,NBA,PG,58,930,9.0,.551,.627,.173,2.3,11.2,6.5,14.3,1.4,0.3,13.5,12.5,,0.7,0.7,1.4,.071,,-2.7,-0.1,-2.8,-0.2
2020-21,26,CHI,NBA,PG,44,450,9.8,.541,.573,.171,1.2,15.1,8.3,16.3,1.0,0.0,7.4,13.1,,0.5,0.4,0.9,.093,,-2.6,0.3,-2.3,0.0
2021-22,27,NYK,NBA,PG,10,76,6.1,.667,.750,.000,0.0,11.5,5.7,7.5,0.7,0.0,20.0,8.6,,0.0,0.1,0.1,.052,,-4.6,0.0,-4.6,-0.1
2022-23,28,NYK,NBA,PG,6,16,-0.6,.000,.667,.000,0.0,13.0,6.5,14.6,6.0,0.0,25.0,10.4,,-0.1,0.0,0.0,-0.123,,-12.4,4.8,-7.6,0.0
2001-02,20,GSW,NBA,PG,47,1155,17.0,.562,.294,.417,3.7,8.7,6.1,24.8,3.0,0.6,17.6,20.1,,2.1,0.7,2.7,.114,,1.0,0.0,1.0,0.9
2002-03,21,GSW,NBA,PG,82,2866,18.6,.540,.265,.397,3.6,10.6,7.2,30.0,2.2,0.4,17.3,24.9,,5.8,0.7,6.5,.109,,2.6,-1.3,1.3,2.4
2003-04,22,WAS,NBA,PG,55,2066,16.0,.512,.364,.347,2.9,11.1,6.9,25.5,2.6,0.4,17.7,27.4,,1.1,1.5,2.6,.061,,1.1,-1.0,0.1,1.1
2004-05,23,WAS,NBA,PG,80,3274,21.3,.565,.369,.420,2.8,10.5,6.5,22.9,2.2,0.5,11.8,27.3,,9.2,2.3,11.5,.169,,4.7,-0.4,4.2,5.2
2005-06,24,WAS,NBA,PG,80,3384,23.8,.581,.324,.479,2.0,7.8,4.8,27.0,2.5,0.6,12.8,30.5,,11.0,2.6,13.6,.193,,5.4,0.0,5.4,6.3
2006-07,25,WAS,NBA,PG,74,2942,24.0,.565,.377,.464,2.3,11.1,6.6,27.2,2.4,0.3,11.2,31.4,,9.3,1.5,10.8,.177,,5.5,-0.8,4.7,5.0
2007-08,26,WAS,NBA,PG,13,425,18.2,.529,.398,.490,1.6,12.8,7.0,27.4,2.9,0.2,17.1,31.1,,0.2,0.4,0.6,.070,,2.3,0.1,2.4,0.5
2008-09,27,WAS,NBA,PG,2,63,18.9,.433,.304,.696,1.8,15.3,8.4,47.8,0.0,1.3,3.2,22.4,,0.2,0.0,0.2,.115,,3.0,-2.2,0.8,0.0
2009-10,28,WAS,NBA,PG,32,1169,18.7,.511,.294,.336,1.6,11.6,6.5,36.3,1.8,0.6,14.2,31.9,,0.9,0.9,1.8,.072,,2.9,-1.2,1.7,1.1
2010-11,29,TOT,NBA,PG,70,1796,10.8,.471,.446,.208,1.4,10.7,6.1,25.3,2.1,0.9,18.1,24.7,,-1.6,2.2,0.5,.014,,-2.2,-0.3,-2.4,-0.2
2010-11,29,WAS,NBA,PG,21,726,14.0,.505,.439,.203,0.9,10.4,5.5,27.5,2.1,1.3,16.5,26.2,,0.0,0.4,0.4,.025,,0.4,-1.2,-0.8,0.2
2010-11,29,ORL,NBA,PG,49,1070,8.6,.444,.450,.213,1.8,11.0,6.5,23.8,2.2,0.7,19.3,23.7,,-1.6,1.7,0.2,.007,,-3.9,0.3,-3.6,-0.4
2011-12,30,MEM,NBA,PG,17,211,9.9,.526,.609,.156,1.1,9.0,5.0,13.4,2.8,0.4,14.9,17.3,,0.1,0.3,0.4,.088,,-3.3,2.0,-1.3,0.0
2004-05,19,NYK,NBA,SF,80,1382,13.3,.503,.033,.447,7.5,13.1,10.3,9.8,2.7,1.0,13.6,17.8,,0.8,1.3,2.1,.073,,-1.2,0.6,-0.6,0.5
2005-06,20,TOT,NBA,SF,57,999,11.8,.468,.022,.562,9.6,17.1,13.3,9.8,3.0,0.9,18.0,15.8,,-0.1,1.0,0.9,.043,,-1.8,1.1,-0.7,0.3
2005-06,20,NYK,NBA,SF,36,709,10.2,.459,.021,.527,8.3,15.3,11.7,10.4,3.2,1.0,20.4,14.4,,-0.4,0.6,0.3,.020,,-2.4,1.5,-0.9,0.2
2005-06,20,ORL,NBA,SF,21,290,15.8,.485,.025,.625,12.7,21.5,17.3,8.3,2.6,0.5,13.6,19.3,,0.2,0.4,0.6,.101,,-0.2,0.0,-0.3,0.1
2006-07,21,ORL,NBA,SG,57,1278,16.2,.567,.019,.461,9.7,14.2,12.0,8.9,2.5,1.2,15.8,19.2,,1.5,1.9,3.4,.128,,0.4,1.3,1.6,1.2
2007-08,22,TOT,NBA,SF,35,546,16.1,.568,.132,.551,6.4,15.4,11.1,11.8,2.9,1.5,12.0,15.6,,0.9,0.9,1.8,.157,,0.4,2.3,2.8,0.7
2007-08,22,ORL,NBA,SF,11,115,12.7,.479,.097,.484,5.2,18.3,12.0,10.7,2.2,1.9,11.7,17.0,,0.0,0.2,0.2,.085,,-1.7,3.1,1.4,0.1
2007-08,22,LAL,NBA,SF,24,431,17.1,.594,.143,.571,6.7,14.6,10.8,12.0,3.0,1.3,12.0,15.3,,0.9,0.7,1.6,.176,,1.0,2.1,3.1,0.6
2008-09,23,LAL,NBA,SF,82,1999,15.5,.544,.320,.284,6.4,13.4,10.0,10.4,3.5,0.9,11.5,16.6,,2.5,3.5,6.1,.146,,0.2,2.2,2.4,2.3
2009-10,24,HOU,NBA,SF,72,2629,13.3,.488,.407,.228,3.3,14.7,8.8,16.7,2.4,1.1,12.8,21.2,,0.1,3.1,3.2,.058,,-0.4,0.9,0.5,1.7
2010-11,25,NOH,NBA,SF,75,2600,11.3,.487,.356,.259,2.8,16.4,9.5,10.0,2.5,1.0,12.2,17.7,,-0.4,3.8,3.4,.062,,-1.7,1.3,-0.4,1.0
2011-12,26,NOH,NBA,SF,41,1350,14.2,.496,.216,.253,3.7,15.1,9.5,16.8,2.8,1.5,14.5,18.4,,0.5,1.7,2.2,.078,,-0.4,1.7,1.3,1.1
2012-13,27,WAS,NBA,SF,56,1471,14.0,.538,.463,.211,3.3,16.9,10.0,12.7,2.5,1.1,14.6,17.9,,0.7,2.4,3.1,.102,,0.1,2.0,2.1,1.6
2013-14,28,WAS,NBA,SF,77,2723,15.8,.590,.518,.226,4.1,16.3,10.1,10.8,2.4,0.6,12.3,17.8,,4.3,3.7,8.0,.141,,1.3,1.0,2.3,3.0
2014-15,29,HOU,NBA,SF,82,2930,12.7,.539,.610,.157,2.9,14.4,8.6,11.1,2.6,0.5,12.7,16.5,,2.7,3.9,6.6,.108,,-0.1,1.1,1.0,2.2
2015-16,30,HOU,NBA,SF,81,2859,12.9,.551,.581,.187,2.6,11.6,7.1,10.0,2.8,0.8,10.8,15.7,,3.1,2.3,5.4,.090,,0.1,0.3,0.4,1.7
2016-17,31,HOU,NBA,SF,80,2773,12.3,.548,.695,.158,2.1,15.9,9.0,8.8,2.5,0.6,7.9,14.1,,2.8,3.2,6.0,.104,,-0.1,1.1,1.0,2.1
2017-18,32,HOU,NBA,SF,67,2269,11.8,.567,.710,.137,1.7,12.9,7.3,6.8,2.1,0.5,7.0,14.4,,2.6,2.8,5.3,.113,,0.0,0.7,0.7,1.5
2018-19,33,TOT,NBA,SF,69,2349,12.1,.534,.590,.223,2.3,15.2,8.6,14.8,1.8,0.7,11.6,16.6,,1.3,1.2,2.5,.052,,-0.7,-0.6,-1.3,0.4
2018-19,33,PHO,NBA,SF,26,884,10.5,.525,.612,.189,2.0,16.4,9.1,13.5,2.1,0.8,13.7,13.8,,0.2,0.5,0.6,.035,,-1.1,0.0,-1.1,0.2
2018-19,33,WAS,NBA,SF,43,1465,13.0,.538,.580,.238,2.5,14.5,8.4,15.5,1.7,0.7,10.6,18.2,,1.1,0.8,1.9,.062,,-0.5,-0.9,-1.4,0.2
2019-20,34,TOT,NBA,SF,53,1493,11.0,.593,.639,.228,2.5,15.7,9.0,8.0,2.2,0.9,13.6,11.8,,1.3,1.2,2.5,.081,,-1.4,0.9,-0.5,0.6
2019-20,34,SAC,NBA,SF,32,791,9.4,.543,.739,.164,2.9,18.2,10.4,8.3,2.1,0.8,13.7,11.2,,0.3,0.8,1.1,.066,,-1.9,1.3,-0.6,0.3
2019-20,34,POR,NBA,SF,21,702,12.8,.643,.535,.296,2.0,12.8,7.4,7.6,2.3,1.0,13.5,12.5,,1.0,0.4,1.4,.098,,-0.9,0.4,-0.4,0.3
2020-21,35,MIA,NBA,SF,30,841,11.9,.542,.593,.183,3.7,15.6,9.8,9.4,1.8,2.2,7.5,15.1,,0.5,1.0,1.6,.091,,-1.2,0.1,-1.1,0.2
2021-22,36,LAL,NBA,SF,24,462,7.0,.449,.747,.182,2.3,16.7,9.5,7.5,1.3,1.2,9.3,11.0,,-0.2,0.4,0.2,.020,,-3.3,-0.2,-3.4,-0.2
1989-90,22,CHI,NBA,PG,81,1291,11.9,.530,.015,.199,1.7,7.6,4.7,20.7,1.8,0.3,16.3,16.9,,1.0,0.8,1.7,.064,,-1.7,-1.1,-2.8,-0.3
1990-91,23,CHI,NBA,PG,82,1731,14.8,.529,.047,.176,1.7,8.3,5.1,23.4,2.0,0.1,13.6,19.5,,2.3,1.8,4.1,.114,,-0.2,-0.3,-0.5,0.7
1991-92,24,CHI,NBA,PG,82,1875,14.1,.537,.125,.185,1.2,7.6,4.5,19.2,1.2,0.2,11.1,19.5,,2.7,1.8,4.6,.117,,0.2,-0.8,-0.6,0.7
1992-93,25,CHI,NBA,PG,82,2492,14.7,.570,.170,.185,1.2,5.8,3.4,18.6,1.4,0.2,8.6,16.8,,5.7,1.7,7.5,.144,,0.8,-0.6,0.2,1.4
1993-94,26,CHI,NBA,PG,82,2770,14.5,.547,.134,.225,1.2,6.0,3.6,18.0,1.5,0.2,10.6,19.8,,4.9,2.6,7.5,.130,,0.3,-0.4,-0.1,1.3
1994-95,27,CHI,NBA,PG,82,2577,15.1,.577,.283,.261,1.1,7.4,4.3,14.7,1.7,0.2,9.4,19.0,,5.4,2.8,8.1,.152,,1.0,-0.1,1.0,1.9
1995-96,28,GSW,NBA,PG,82,2262,17.3,.595,.285,.384,1.1,8.3,4.7,28.4,1.5,0.2,13.1,18.8,,6.2,0.8,7.0,.149,,2.7,-0.8,1.8,2.2
1996-97,29,GSW,NBA,PG,49,1020,12.9,.538,.275,.242,0.8,7.8,4.3,20.3,1.3,0.2,12.8,18.1,,1.4,-0.1,1.3,.061,,-0.5,-1.8,-2.3,-0.1
1997-98,30,TOT,NBA,PG,66,831,14.6,.555,.164,.235,2.3,8.6,5.5,29.0,1.9,0.0,15.2,15.3,,1.6,0.6,2.2,.124,,0.0,0.1,0.1,0.4
1997-98,30,GSW,NBA,PG,4,59,6.3,.385,.053,.368,7.0,5.6,6.3,16.5,3.6,0.0,24.1,21.5,,-0.2,0.1,-0.1,-0.092,,-6.7,0.3,-6.4,-0.1
1997-98,30,CHH,NBA,PG,62,772,15.2,.573,.175,.222,1.9,8.8,5.4,30.0,1.7,0.0,14.1,14.9,,1.8,0.5,2.3,.141,,0.5,0.1,0.6,0.5
1998-99,31,TOT,NBA,PG,32,358,12.9,.540,.170,.239,0.7,12.0,6.4,29.2,1.8,0.0,20.5,15.8,,0.4,0.4,0.7,.100,,-1.6,0.4,-1.2,0.1
1998-99,31,CHH,NBA,PG,10,178,13.3,.601,.186,.233,0.7,9.5,5.3,26.6,0.9,0.0,17.4,15.3,,0.3,0.1,0.4,.114,,0.2,-0.7,-0.5,0.1
1998-99,31,ORL,NBA,PG,22,180,12.4,.482,.156,.244,0.6,14.4,7.4,31.8,2.7,0.0,23.1,16.3,,0.0,0.3,0.3,.087,,-3.3,1.4,-1.9,0.0
1999-00,32,CHI,NBA,PG,27,583,10.7,.510,.156,.134,0.4,9.2,4.7,26.5,0.6,0.1,16.9,18.6,,0.2,0.2,0.4,.030,,-1.8,-2.0,-3.8,-0.3
2001-02,21,NJN,NBA,SG,35,196,3.8,.358,.200,.118,5.7,3.5,4.6,6.5,1.9,0.4,8.2,22.3,,-0.4,0.2,-0.2,-0.054,,-7.4,-1.7,-9.0,-0.3
2002-03,22,NJN,NBA,SG,17,69,3.9,.405,.222,.222,0.0,6.6,3.3,4.8,2.3,1.1,14.4,22.6,,-0.2,0.1,-0.1,-0.050,,-7.4,-0.7,-8.1,-0.1
2003-04,23,NJN,NBA,SG,56,434,5.5,.427,.297,.023,3.3,8.4,5.8,5.7,1.5,0.4,12.0,21.7,,-0.8,0.5,-0.3,-0.030,,-5.5,-2.0,-7.5,-0.6
1994-95,26,ORL,NBA,PG,3,8,40.2,.563,.750,.250,14.8,0.0,7.2,76.1,6.3,0.0,10.1,53.0,,0.1,0.0,0.1,.492,,13.9,3.7,17.6,0.0
1995-96,27,ORL,NBA,PG,13,41,32.4,.622,.375,.125,0.0,5.6,2.8,29.3,7.7,0.0,15.1,43.8,,0.0,0.1,0.1,.158,,5.7,3.8,9.5,0.1
1996-97,28,ORL,NBA,PG,67,1010,14.7,.525,.525,.307,4.0,4.9,4.4,29.7,3.3,0.7,20.2,22.4,,0.7,1.1,1.8,.085,,0.5,0.7,1.1,0.8
1997-98,29,ORL,NBA,PG,48,1236,15.7,.509,.179,.324,6.1,9.2,7.6,33.4,2.6,0.3,20.5,20.2,,1.2,1.3,2.5,.096,,1.0,0.2,1.1,1.0
1998-99,30,ORL,NBA,PG,50,1502,22.2,.575,.362,.341,4.0,10.0,7.0,40.8,3.9,0.2,20.8,22.9,,3.8,2.7,6.4,.205,,4.2,2.4,6.7,3.3
1999-00,31,ORL,NBA,PG,82,2590,19.5,.542,.360,.221,2.7,8.6,5.7,31.4,3.2,0.2,16.8,23.9,,4.6,3.4,8.0,.149,,3.6,0.9,4.5,4.3
2000-01,32,ORL,NBA,PG,75,2767,18.6,.535,.402,.249,3.7,10.2,6.9,31.3,2.5,0.3,15.2,21.0,,5.8,2.9,8.7,.151,,3.2,0.1,3.3,3.6
2001-02,33,ORL,NBA,PG,82,2730,16.7,.553,.481,.248,3.4,9.7,6.5,25.5,3.0,0.3,16.0,17.9,,5.0,2.6,7.6,.134,,1.6,0.8,2.4,3.0
2002-03,34,ORL,NBA,PG,82,2350,14.6,.530,.361,.292,4.3,10.2,7.2,21.7,3.0,0.4,18.1,16.9,,2.7,2.2,4.9,.100,,0.2,0.7,0.9,1.7
2003-04,35,NOH,NBA,PG,79,2247,15.6,.525,.583,.196,3.1,8.5,5.7,24.3,3.2,0.5,16.2,19.4,,2.8,2.5,5.3,.114,,1.3,1.1,2.4,2.5
2004-05,36,TOT,NBA,PG,66,988,11.0,.430,.401,.245,4.0,9.3,6.7,27.9,2.4,0.6,17.9,17.3,,-0.2,1.0,0.8,.039,,-1.6,0.6,-1.0,0.2
2004-05,36,NOH,NBA,PG,14,412,11.1,.422,.440,.132,4.4,9.6,6.9,28.5,2.0,0.4,14.3,22.1,,-0.3,0.3,0.0,-0.002,,-1.1,-0.2,-1.3,0.1
2004-05,36,DAL,NBA,PG,52,576,10.9,.440,.347,.398,3.8,9.1,6.5,27.5,2.7,0.8,21.9,13.8,,0.1,0.7,0.8,.069,,-1.9,1.1,-0.8,0.2
2005-06,37,DAL,NBA,PG,62,622,7.3,.444,.375,.328,3.6,12.0,7.8,20.6,2.4,0.4,28.4,15.4,,-0.7,0.7,0.0,.003,,-4.2,0.2,-4.0,-0.3
2006-07,38,IND,NBA,PG,81,1275,15.1,.547,.568,.247,3.0,9.3,6.1,24.8,2.9,0.4,15.4,17.4,,1.7,1.5,3.2,.121,,0.6,1.2,1.8,1.2
2007-08,39,NJN,NBA,PG,50,549,8.7,.499,.627,.273,3.6,10.6,7.1,20.5,2.7,0.3,25.0,13.7,,-0.2,0.5,0.3,.024,,-3.5,0.8,-2.7,-0.1
2006-07,22,NOK,NBA,C,56,634,12.2,.570,.000,.536,10.3,17.0,13.6,2.5,1.0,3.3,18.5,13.6,,0.5,0.7,1.2,.091,,-2.9,0.3,-2.6,-0.1
2007-08,23,NOH,NBA,C,65,732,7.7,.498,.000,.473,10.1,16.0,13.0,4.4,1.1,3.6,24.8,15.1,,-0.5,1.0,0.5,.032,,-6.3,0.5,-5.8,-0.7
2008-09,24,NOH,NBA,C,70,1092,10.7,.585,.008,.398,9.0,12.6,10.8,4.4,1.3,3.5,21.7,16.3,,0.2,1.3,1.5,.068,,-4.2,0.4,-3.8,-0.5
2009-10,25,TOT,NBA,CPF,33,335,6.9,.381,.013,.405,9.2,19.2,14.1,8.8,2.3,2.7,19.1,15.5,,-0.5,0.4,-0.1,-0.017,,-6.7,0.5,-6.1,-0.4
2009-10,25,NOH,NBA,PF,18,239,7.5,.409,.000,.560,8.2,22.0,15.0,9.3,1.7,2.5,17.3,14.4,,-0.2,0.3,0.1,.010,,-6.4,0.6,-5.8,-0.2
2009-10,25,SAC,NBA,C,6,56,8.4,.388,.000,.167,10.1,18.6,14.3,5.0,1.8,5.2,23.7,13.3,,-0.1,0.1,0.0,-0.012,,-4.0,1.0,-3.0,0.0
2009-10,25,HOU,NBA,C,9,40,1.1,.280,.059,.118,13.8,3.0,8.6,11.5,6.4,0.0,21.9,25.3,,-0.2,0.1,-0.2,-0.185,,-12.0,-0.6,-12.6,-0.1
2010-11,26,TOT,NBA,C,53,488,8.8,.508,.053,.434,9.5,21.6,15.4,4.2,1.9,3.3,23.6,10.9,,-0.1,0.6,0.5,.045,,-4.7,1.0,-3.7,-0.2
2010-11,26,WAS,NBA,C,41,412,8.6,.519,.047,.359,10.4,21.5,15.8,3.5,1.9,3.0,25.2,10.6,,-0.1,0.4,0.4,.043,,-5.0,0.9,-4.2,-0.2
2010-11,26,ATL,NBA,C,12,76,10.1,.457,.083,.833,4.8,22.0,13.5,7.8,2.1,5.0,15.5,12.1,,-0.1,0.1,0.1,.054,,-3.2,2.0,-1.2,0.0
2013-14,29,GSW,NBA,C,15,97,17.0,.480,.000,.842,21.8,31.0,26.5,7.1,2.1,3.1,18.7,14.5,,0.1,0.2,0.3,.162,,-0.7,0.5,-0.1,0.0
2001-02,22,TOT,NBA,PG,37,371,12.4,.467,.018,.162,3.5,9.0,6.2,31.2,1.6,0.2,16.2,17.2,,0.2,0.1,0.4,.047,,-1.8,-1.1,-2.9,-0.1
2001-02,22,TOR,NBA,PG,17,96,11.9,.474,.000,.207,3.5,11.1,7.2,36.3,3.4,0.0,27.5,20.7,,-0.1,0.1,0.0,.018,,-3.8,0.4,-3.4,0.0
2001-02,22,DEN,NBA,PG,20,275,12.6,.464,.024,.146,3.6,8.3,5.8,29.5,1.0,0.3,11.2,16.0,,0.3,0.0,0.3,.057,,-1.1,-1.6,-2.8,-0.1
2002-03,23,UTA,NBA,PG,44,287,14.1,.510,.064,.202,4.8,6.1,5.5,33.1,2.2,0.3,20.2,23.8,,0.1,0.2,0.3,.057,,-0.1,-1.0,-1.0,0.1
2003-04,24,UTA,NBA,PG,71,2008,16.8,.517,.152,.293,2.5,9.0,5.7,34.6,1.7,0.2,15.2,23.7,,3.5,1.2,4.7,.112,,2.0,-1.1,0.9,1.5
2004-05,25,TOT,NBA,PG,70,1448,11.3,.466,.070,.347,2.1,6.5,4.3,32.3,1.7,0.2,17.8,19.3,,0.3,1.0,1.3,.043,,-2.1,-0.8,-2.9,-0.3
2004-05,25,UTA,NBA,PG,30,742,11.8,.474,.078,.272,1.8,6.0,3.8,34.7,1.5,0.3,17.5,19.5,,0.3,0.1,0.4,.027,,-0.6,-1.9,-2.6,-0.1
2004-05,25,DET,NBA,PG,40,706,10.7,.458,.061,.437,2.5,7.1,4.8,29.7,1.9,0.1,18.1,19.1,,0.0,0.9,0.9,.060,,-3.7,0.3,-3.4,-0.2
2005-06,26,TOT,NBA,PGSG,77,1194,15.6,.512,.053,.362,3.3,9.8,6.6,31.6,1.7,0.2,15.9,20.7,,1.6,1.1,2.7,.107,,-0.1,-0.4,-0.5,0.5
2005-06,26,DET,NBA,PG,50,600,12.5,.433,.038,.369,4.7,9.2,6.9,39.3,1.8,0.4,19.8,18.0,,0.3,0.7,1.0,.079,,-2.1,-0.1,-2.2,0.0
2005-06,26,ORL,NBA,SG,27,594,18.8,.569,.063,.357,1.9,10.3,6.2,23.8,1.7,0.1,12.9,23.4,,1.3,0.4,1.7,.135,,1.9,-0.6,1.3,0.5
2006-07,27,ORL,NBA,PG,72,1304,14.4,.501,.107,.347,3.0,9.5,6.3,27.1,1.6,0.1,14.0,22.8,,1.2,1.3,2.5,.094,,-0.4,-0.4,-0.8,0.4
2007-08,28,ORL,NBA,PG,62,1269,12.8,.547,.241,.293,0.9,9.0,5.1,26.6,1.1,0.1,16.4,17.0,,1.7,1.1,2.8,.107,,-0.5,-0.4,-0.9,0.3
2009-10,30,MIA,NBA,PG,72,1585,12.3,.529,.067,.240,1.9,7.7,4.8,22.2,1.2,0.3,11.5,13.9,,2.2,1.5,3.7,.113,,-1.5,0.1,-1.5,0.2
2010-11,31,TOT,NBA,PG,64,1185,9.0,.528,.253,.172,2.2,7.9,5.2,15.8,0.9,0.1,17.0,14.0,,0.5,1.1,1.7,.068,,-2.1,-0.2,-2.3,-0.1
2010-11,31,MIA,NBA,PG,49,995,9.5,.541,.269,.147,1.6,7.5,4.8,15.3,0.7,0.1,14.5,13.9,,0.8,0.9,1.6,.078,,-1.7,-0.5,-2.2,0.0
2010-11,31,BOS,NBA,PG,15,190,6.7,.447,.143,.343,4.8,9.8,7.4,18.6,2.0,0.0,29.7,14.5,,-0.2,0.3,0.1,.016,,-4.1,1.0,-3.0,-0.1
2008-09,20,MEM,NBA,PF,76,1464,11.3,.456,.005,.138,8.9,20.3,14.5,5.0,1.9,2.9,9.2,16.3,,-0.1,1.8,1.7,.055,,-3.5,0.1,-3.4,-0.5
2009-10,21,MEM,NBA,PF,32,457,10.5,.449,.007,.205,9.4,18.7,14.0,4.9,1.6,2.3,12.1,17.4,,-0.1,0.4,0.3,.031,,-3.7,-0.4,-4.1,-0.2
2010-11,22,MEM,NBA,PF,80,1609,15.7,.534,.010,.215,8.5,17.0,12.7,5.4,1.7,3.2,11.4,21.6,,1.5,2.2,3.8,.113,,-1.8,0.2,-1.6,0.2
2012-13,24,MEM,NBA,PF,59,970,11.8,.477,.050,.128,8.1,12.5,10.3,5.9,1.3,2.8,10.2,20.1,,0.2,1.5,1.7,.084,,-2.8,0.4,-2.4,-0.1
2013-14,25,DEN,NBA,SF,68,1161,9.4,.459,.156,.151,4.8,14.7,9.8,8.0,1.6,3.0,11.7,18.1,,-0.5,1.2,0.7,.029,,-4.0,0.8,-3.2,-0.4
2014-15,26,DEN,NBA,PF,58,988,11.5,.466,.286,.154,5.6,13.4,9.3,9.3,2.4,2.1,10.3,20.0,,-0.1,0.9,0.9,.042,,-2.4,0.7,-1.7,0.1
2015-16,27,DEN,NBA,PF,70,1516,12.5,.514,.239,.108,6.2,15.4,10.7,10.0,1.8,2.6,11.4,16.7,,1.0,1.3,2.3,.072,,-1.3,0.5,-0.8,0.4
2016-17,28,DEN,NBA,PF,41,639,12.8,.583,.544,.102,4.4,14.9,9.7,9.3,1.5,2.5,13.8,17.3,,0.6,0.4,1.1,.081,,0.1,-0.2,-0.1,0.3
2017-18,29,DEN,NBA,PF,19,141,8.4,.559,.489,.064,2.4,9.5,6.0,9.3,2.8,1.8,23.7,19.5,,-0.2,0.1,0.0,-0.011,,-4.8,-0.5,-5.3,-0.1
2017-18,25,ORL,NBA,SG,15,279,6.9,.457,.367,.152,1.6,13.5,7.5,9.3,0.4,0.9,8.7,14.5,,-0.1,0.1,0.0,-0.006,,-3.8,-1.6,-5.4,-0.2
2017-18,25,ORL,NBA,SG,15,279,6.9,.457,.367,.152,1.6,13.5,7.5,9.3,0.4,0.9,8.7,14.5,,-0.1,0.1,0.0,-0.006,,-3.8,-1.6,-5.4,-0.2
1999-00,25,ORL,NBA,PG,82,1626,14.4,.489,.220,.179,1.3,7.1,4.2,30.9,1.6,0.1,15.1,24.3,,1.1,1.3,2.4,.072,,0.6,-1.4,-0.8,0.5
2000-01,26,DET,NBA,PG,81,2363,12.2,.481,.356,.137,1.2,6.7,3.9,24.3,1.4,0.1,12.9,21.2,,1.2,1.6,2.8,.057,,-0.6,-1.0,-1.6,0.3
2001-02,27,DET,NBA,PG,79,2285,14.5,.568,.425,.152,1.6,6.5,4.1,20.5,1.7,0.3,13.2,20.0,,3.3,1.8,5.1,.107,,0.9,-0.6,0.2,1.3
2002-03,28,DET,NBA,PG,65,1398,10.1,.475,.520,.105,1.8,6.5,4.1,22.4,1.1,0.2,13.7,19.4,,0.3,1.2,1.5,.053,,-1.1,-1.1,-2.2,-0.1
2003-04,29,TOT,NBA,PG,64,1544,12.1,.511,.498,.200,0.7,6.2,3.5,24.7,1.5,0.1,14.9,18.5,,1.5,1.3,2.7,.085,,-0.3,-0.9,-1.1,0.3
2003-04,29,DET,NBA,PG,40,751,10.1,.490,.553,.183,0.9,6.4,3.7,21.9,1.4,0.1,15.9,18.8,,0.3,1.0,1.2,.079,,-1.3,-0.3,-1.6,0.1
2003-04,29,BOS,NBA,PG,24,793,14.0,.530,.446,.217,0.4,5.9,3.2,27.3,1.7,0.1,13.9,18.2,,1.2,0.3,1.5,.091,,0.7,-1.4,-0.7,0.3
2004-05,30,LAL,NBA,PG,82,2903,13.4,.558,.500,.223,1.2,6.4,3.8,20.6,1.3,0.1,13.1,17.9,,4.7,-0.2,4.5,.074,,0.6,-1.7,-1.1,0.6
2005-06,31,TOT,NBA,PGSG,71,1713,12.9,.526,.478,.284,1.6,6.8,4.2,20.0,1.4,0.1,11.9,20.2,,2.1,1.4,3.6,.100,,-0.1,-0.8,-0.9,0.4
2005-06,31,WAS,NBA,SG,28,552,10.4,.498,.529,.178,2.5,7.2,4.7,19.8,1.3,0.0,13.8,17.6,,0.4,0.2,0.6,.056,,-0.6,-1.0,-1.6,0.0
2005-06,31,MEM,NBA,PG,43,1161,14.1,.537,.456,.331,1.2,6.6,3.9,20.1,1.4,0.1,11.1,21.5,,1.7,1.2,2.9,.121,,0.1,-0.8,-0.6,0.4
2006-07,32,MEM,NBA,PG,75,2064,17.4,.580,.428,.435,1.0,7.0,4.0,27.9,1.2,0.1,13.0,21.4,,5.1,-0.2,4.9,.114,,2.9,-2.5,0.4,1.2
2007-08,33,DEN,NBA,SG,24,352,8.9,.449,.648,.074,0.9,8.4,4.8,18.7,1.2,0.2,7.4,16.4,,0.1,0.2,0.3,.040,,-1.8,-1.1,-3.0,-0.1
2008-09,34,TOT,NBA,PG,33,412,6.2,.408,.504,.142,1.4,5.3,3.4,20.9,1.2,0.4,16.1,15.4,,-0.3,0.2,-0.2,-0.018,,-4.0,-1.3,-5.3,-0.3
2008-09,34,DEN,NBA,PG,14,115,8.9,.469,.630,.148,0.0,5.9,3.0,34.9,0.9,0.7,25.8,15.0,,0.0,0.1,0.0,.019,,-1.6,-2.1,-3.6,0.0
2008-09,34,OKC,NBA,PG,19,297,5.1,.389,.465,.140,1.9,5.1,3.5,15.5,1.4,0.2,12.5,15.5,,-0.3,0.1,-0.2,-0.032,,-5.0,-1.0,-5.9,-0.3
2009-10,35,DET,NBA,PG,40,644,8.3,.477,.465,.172,0.9,4.8,2.7,21.6,1.4,0.0,15.9,14.4,,0.2,0.1,0.2,.017,,-2.9,-1.4,-4.3,-0.4
1991-92,23,ATL,NBA,SG,82,2505,14.4,.526,.007,.356,7.9,9.9,8.9,11.4,2.4,0.6,14.8,20.1,,1.5,2.2,3.7,.071,,-0.5,-0.1,-0.6,0.8
1992-93,24,ATL,NBA,SG,73,2112,15.2,.551,.005,.388,7.2,8.0,7.6,12.1,2.1,0.5,14.5,21.2,,2.5,1.2,3.7,.084,,0.2,-0.6,-0.4,0.8
1993-94,25,ATL,NBA,SG,82,2605,17.9,.576,.008,.506,7.5,9.2,8.3,11.0,2.9,1.1,12.3,19.8,,5.7,4.0,9.7,.179,,1.3,1.4,2.7,3.1
1994-95,26,ATL,NBA,SG,76,2362,16.0,.512,.030,.395,7.6,10.7,9.1,14.3,2.3,1.5,12.9,22.7,,1.9,3.2,5.1,.103,,0.1,0.6,0.7,1.6
1995-96,27,ATL,NBA,SF,77,2294,15.9,.556,.005,.430,6.8,9.0,7.8,10.0,2.5,1.0,13.6,19.9,,3.5,2.1,5.6,.117,,0.1,0.3,0.4,1.4
1996-97,28,TOT,NBA,SG,60,942,11.3,.531,.000,.441,6.2,11.4,8.8,9.4,2.4,1.5,19.6,16.2,,0.2,1.3,1.5,.076,,-2.6,1.5,-1.1,0.2
1996-97,28,DET,NBA,SG,20,292,9.6,.473,.000,.532,6.1,14.6,10.4,8.5,1.9,2.8,22.1,20.7,,-0.4,0.4,0.0,.003,,-4.4,1.1,-3.3,-0.1
1996-97,28,POR,NBA,SG,40,650,12.1,.564,.000,.392,6.2,9.9,8.1,9.8,2.6,0.8,18.1,14.2,,0.6,0.9,1.5,.109,,-1.8,1.6,-0.2,0.3
1997-98,29,POR,NBA,SG,71,1445,10.3,.457,.019,.419,8.7,10.2,9.5,9.8,2.1,1.6,15.5,16.3,,-0.1,1.9,1.8,.059,,-2.5,0.9,-1.6,0.2
1998-99,30,POR,NBA,SF,48,874,13.0,.501,.011,.437,6.4,9.9,8.3,10.6,3.5,1.5,12.6,12.4,,1.0,1.6,2.6,.142,,-1.0,3.7,2.7,1.0
1999-00,31,POR,NBA,SG,59,692,12.2,.510,.011,.314,7.5,12.0,9.9,11.9,2.1,1.2,16.0,15.8,,0.5,1.0,1.5,.102,,-1.5,1.0,-0.5,0.3
2000-01,32,POR,NBA,SG,66,1182,12.3,.511,.015,.327,6.3,9.7,8.0,12.7,2.2,1.3,13.6,13.9,,1.3,1.2,2.5,.102,,-1.1,1.3,0.2,0.7
2001-02,33,CHH,NBA,SG,77,1319,11.5,.479,.009,.308,5.1,14.3,9.7,12.5,2.3,0.7,12.7,14.8,,0.7,1.6,2.3,.084,,-2.3,1.2,-1.0,0.3
2002-03,34,NOH,NBA,SG,70,862,9.3,.474,.036,.375,3.5,12.7,8.0,12.5,1.7,0.8,15.2,13.9,,0.2,1.0,1.2,.067,,-3.2,0.8,-2.4,-0.1
2003-04,35,NOH,NBA,SF,69,1416,10.0,.486,.020,.401,4.1,10.1,7.0,10.0,2.1,0.8,15.7,15.6,,0.4,1.3,1.6,.056,,-3.1,0.3,-2.8,-0.3
2004-05,36,ORL,NBA,SF,55,663,9.8,.480,.000,.461,7.7,9.0,8.4,8.1,1.8,0.9,13.4,15.3,,0.3,0.4,0.7,.053,,-2.9,-0.4,-3.3,-0.2
2005-06,37,ORL,NBA,SF,36,385,7.6,.412,.000,.411,5.9,10.9,8.5,9.0,1.7,1.2,11.3,12.0,,0.0,0.3,0.3,.033,,-2.7,0.6,-2.1,0.0
2008-09,21,CHA,NBA,PG,72,1908,14.9,.587,.396,.375,1.1,7.5,4.3,22.6,1.2,0.1,14.1,20.8,,3.6,1.5,5.1,.128,,1.4,-0.5,0.9,1.4
2009-10,22,CHA,NBA,PG,80,1472,11.2,.516,.409,.301,0.9,6.9,4.0,21.7,1.6,0.3,13.1,17.9,,1.1,1.7,2.8,.092,,-1.5,0.3,-1.1,0.3
2010-11,23,CHA,NBA,PG,82,2757,15.9,.541,.348,.310,1.7,8.3,4.9,31.1,1.0,0.1,12.5,21.2,,4.9,1.3,6.2,.108,,1.7,-1.6,0.1,1.5
2011-12,24,CHA,NBA,PG,48,1408,14.1,.493,.368,.246,1.9,7.2,4.4,38.9,1.3,0.1,16.9,21.3,,0.7,-0.2,0.5,.018,,0.7,-3.2,-2.5,-0.2
2012-13,25,IND,NBA,PG,76,1226,11.0,.527,.646,.337,1.9,6.3,4.1,21.6,1.5,0.2,16.8,15.1,,1.4,1.5,2.8,.112,,-0.7,0.1,-0.6,0.5
2013-14,26,TOT,NBA,PG,71,1939,16.2,.569,.462,.316,0.9,6.7,3.8,28.9,1.5,0.1,13.3,22.4,,3.8,2.4,6.2,.154,,1.9,-0.4,1.4,1.7
2013-14,26,TOR,NBA,PG,10,82,1.2,.394,.458,.250,0.0,5.7,2.8,18.4,0.6,0.0,25.3,19.8,,-0.2,0.0,-0.2,-0.112,,-6.9,-2.2,-9.1,-0.1
2013-14,26,CHI,NBA,PG,61,1857,16.8,.574,.463,.318,0.9,6.7,3.9,29.3,1.5,0.1,12.8,22.5,,4.0,2.4,6.4,.166,,2.2,-0.3,1.9,1.8
2014-15,27,TOT,NBA,PG,82,1964,13.9,.527,.380,.317,1.1,7.9,4.4,28.2,1.3,0.1,16.4,19.8,,2.5,0.9,3.4,.083,,0.4,-1.6,-1.2,0.4
2014-15,27,DET,NBA,PG,54,1287,15.8,.536,.325,.367,1.1,7.6,4.2,33.2,1.3,0.1,17.0,22.2,,2.0,0.6,2.5,.094,,1.2,-1.7,-0.5,0.5
2014-15,27,OKC,NBA,PG,28,677,10.2,.503,.516,.194,1.1,8.4,4.8,18.5,1.2,0.1,14.8,15.1,,0.5,0.4,0.9,.063,,-1.0,-1.3,-2.3,-0.1
2015-16,28,TOT,NBA,PG,62,1178,13.9,.575,.480,.366,0.8,8.0,4.4,25.3,1.6,0.3,17.1,18.0,,2.0,0.6,2.6,.106,,0.6,-1.1,-0.4,0.4
2015-16,28,OKC,NBA,PG,34,519,8.7,.522,.504,.281,1.1,7.6,4.5,16.7,1.2,0.3,18.1,13.6,,0.4,0.3,0.7,.065,,-1.9,-0.4,-2.4,-0.1
2015-16,28,DEN,NBA,PG,28,659,18.0,.601,.467,.410,0.5,8.4,4.4,32.0,1.9,0.2,16.6,21.5,,1.6,0.3,1.9,.139,,2.7,-1.6,1.1,0.5
2016-17,29,ORL,NBA,PG,78,1538,11.0,.524,.530,.311,1.0,7.4,4.1,20.4,1.0,0.1,13.3,19.4,,0.7,0.5,1.2,.038,,-1.2,-1.8,-3.0,-0.4
2017-18,30,ORL,NBA,PG,75,1760,15.4,.615,.504,.350,1.9,8.2,5.0,24.4,1.5,0.0,16.5,18.6,,3.3,0.8,4.1,.110,,1.0,-1.2,-0.2,0.8
2018-19,31,ORL,NBA,PG,81,2269,15.7,.616,.459,.309,1.9,7.8,4.8,26.9,1.1,0.1,14.3,17.2,,5.0,1.9,6.9,.146,,1.1,-0.7,0.5,1.4
2019-20,32,ORL,NBA,PG,57,1420,14.0,.554,.436,.393,1.6,7.8,4.6,26.8,1.2,0.1,13.7,19.1,,2.0,0.9,2.9,.098,,-0.3,-1.3,-1.6,0.2
2020-21,33,TOT,NBA,PG,57,1129,12.1,.570,.633,.274,1.9,7.0,4.4,22.2,1.2,0.1,14.5,16.8,,1.5,0.5,2.1,.088,,-0.6,-1.5,-2.1,0.0
2020-21,33,MIL,NBA,PG,37,713,10.2,.542,.672,.208,1.7,5.5,3.7,18.6,1.3,0.1,14.0,14.3,,0.8,0.4,1.2,.080,,-1.3,-0.9,-2.2,0.0
2020-21,33,HOU,NBA,PG,20,416,15.5,.604,.583,.358,2.2,9.4,5.6,28.3,0.9,0.0,15.1,21.0,,0.8,0.1,0.9,.103,,0.6,-2.6,-2.0,0.0
2021-22,34,TOT,NBA,PG,55,883,9.7,.610,.739,.194,1.4,7.0,4.2,16.8,0.9,0.1,18.9,14.3,,0.7,0.1,0.8,.043,,-1.2,-2.4,-3.6,-0.4
2021-22,34,HOU,NBA,PG,34,510,9.7,.596,.706,.279,1.5,7.4,4.4,20.5,0.9,0.0,22.8,16.4,,0.2,0.0,0.2,.017,,-1.4,-2.9,-4.3,-0.3
2021-22,34,LAL,NBA,PG,21,373,9.7,.635,.791,.058,1.2,6.6,3.9,11.8,0.9,0.2,11.1,11.4,,0.5,0.1,0.6,.079,,-1.0,-1.6,-2.6,-0.1
2006-07,22,ORL,NBA,PF,2,7,16.6,.333,.000,.000,18.0,34.4,26.4,48.9,0.0,0.0,0.0,19.9,,0.0,0.0,0.0,.168,,-2.3,1.3,-1.0,0.0
2007-08,23,ORL,NBA,PF,25,149,10.8,.533,.000,.235,12.9,10.4,11.6,2.1,1.7,1.0,13.8,13.4,,0.1,0.2,0.3,.098,,-2.5,-0.3,-2.8,0.0
1991-92,22,UTA,NBA,C,31,112,15.0,.515,.000,.652,11.6,23.1,17.6,6.7,0.9,1.1,11.9,25.9,,0.1,0.2,0.3,.112,,-3.0,-1.4,-4.4,-0.1
1992-93,23,UTA,NBA,C,46,306,11.4,.491,.009,.393,14.6,14.8,14.7,2.9,1.3,2.9,14.9,21.7,,0.0,0.4,0.3,.052,,-4.6,-1.4,-6.0,-0.3
1993-94,24,PHI,NBA,C,14,201,14.1,.473,.015,.348,13.6,24.1,18.8,13.2,1.2,3.0,18.3,20.1,,0.0,0.2,0.2,.040,,-2.9,-1.2,-4.2,-0.1
1996-97,27,MIA,NBA,C,82,1881,14.2,.536,.005,.354,8.7,21.2,15.1,9.9,1.3,1.8,17.9,22.5,,0.3,3.7,4.0,.102,,-2.5,0.8,-1.7,0.1
1997-98,28,TOT,NBA,C,78,2266,16.3,.512,.009,.417,10.3,18.0,14.2,14.0,1.4,1.7,16.7,25.0,,1.2,2.5,3.6,.077,,-0.4,-0.9,-1.3,0.4
1997-98,28,MIA,NBA,C,52,1371,16.8,.521,.006,.429,10.5,17.5,14.1,11.8,1.7,1.8,15.6,25.5,,1.1,2.2,3.2,.113,,-0.4,-0.1,-0.5,0.5
1997-98,28,LAC,NBA,C,26,895,15.6,.497,.015,.398,10.1,18.9,14.4,17.3,1.0,1.6,18.3,24.2,,0.1,0.3,0.4,.022,,-0.6,-2.1,-2.6,-0.1
1998-99,29,ORL,NBA,C,49,1259,12.0,.457,.015,.347,7.5,14.5,10.9,12.8,2.0,2.1,17.9,22.9,,-0.9,2.1,1.2,.045,,-2.6,0.8,-1.8,0.1
1999-00,30,WAS,NBA,C,59,1173,10.2,.481,.011,.389,6.2,21.7,13.8,10.0,0.8,2.3,20.6,19.6,,-0.9,0.9,0.0,.001,,-3.1,-0.1,-3.2,-0.4
2000-01,31,VAN,NBA,C,52,845,8.3,.393,.089,.148,6.8,23.1,15.0,11.2,1.2,1.9,15.8,18.5,,-1.3,0.9,-0.5,-0.026,,-4.4,0.1,-4.3,-0.5
2001-02,32,MEM,NBA,C,21,307,7.8,.405,.033,.043,4.0,21.8,12.9,7.0,1.5,1.1,10.5,15.5,,-0.3,0.3,0.0,.003,,-5.7,0.3,-5.4,-0.3
2020-21,20,WAS,NBA,SF,54,1257,7.6,.515,.538,.144,1.9,20.2,11.0,6.3,1.2,1.0,9.0,12.0,,0.0,1.2,1.2,.046,,-3.6,0.4,-3.1,-0.4
2021-22,21,WAS,NBA,SF,82,1984,11.6,.536,.447,.235,3.0,20.5,11.9,11.8,1.5,1.9,12.0,16.3,,0.6,1.8,2.4,.058,,-2.1,0.4,-1.7,0.1
2022-23,22,WAS,NBA,SF,25,606,9.9,.486,.404,.228,4.2,18.3,11.4,13.5,1.7,2.4,14.9,15.9,,-0.2,0.7,0.5,.039,,-3.7,0.6,-3.1,-0.2
1992-93,23,MIL,NBA,PF,82,2285,10.2,.459,.002,.214,9.0,17.0,12.9,5.9,1.2,2.1,13.8,19.1,,-1.5,1.8,0.3,.005,,-3.8,-1.7,-5.5,-2.0
1993-94,24,TOT,NBA,PF,74,1371,9.2,.430,.000,.309,11.7,16.4,14.0,6.8,1.2,1.5,15.8,16.9,,-0.6,1.0,0.4,.014,,-3.7,-1.4,-5.1,-1.1
1993-94,24,MIL,NBA,PF,33,695,11.3,.466,.000,.346,9.4,16.5,12.7,7.4,1.2,1.9,14.1,19.0,,-0.1,0.4,0.3,.022,,-2.8,-1.5,-4.3,-0.4
1993-94,24,ORL,NBA,PF,41,676,7.1,.380,.000,.259,14.1,16.4,15.3,6.2,1.3,1.0,18.2,14.6,,-0.5,0.6,0.1,.006,,-4.6,-1.4,-6.0,-0.7
1994-95,25,ORL,NBA,PF,71,1066,9.8,.466,.000,.307,10.7,20.4,15.7,5.0,1.3,3.2,16.1,13.3,,0.1,1.5,1.5,.069,,-4.1,0.1,-4.0,-0.5
1995-96,26,VAN,NBA,PF,71,1586,6.9,.415,.000,.165,7.7,18.9,13.1,7.4,1.0,2.0,17.6,17.5,,-2.8,1.6,-1.2,-0.037,,-6.5,-0.7,-7.3,-2.1
1998-99,29,UTA,NBA,PF,5,44,1.3,.324,.000,.154,23.9,10.3,16.6,3.8,2.5,0.0,33.5,22.7,,-0.2,0.1,-0.1,-0.153,,-9.2,-3.2,-12.4,-0.1
1999-00,30,LAC,NBA,PF,49,377,5.5,.368,.000,.333,6.6,15.6,10.9,4.5,2.2,2.7,17.9,15.8,,-0.7,0.2,-0.5,-0.065,,-6.9,-0.5,-7.4,-0.5
1999-00,20,MIN,NBA,PG,59,484,6.7,.391,.348,.199,1.9,7.8,4.8,26.2,1.5,0.3,17.6,22.3,,-0.8,0.3,-0.5,-0.046,,-4.3,-2.0,-6.3,-0.5
2000-01,21,MIN,NBA,PG,55,463,9.0,.482,.410,.250,1.2,6.0,3.6,24.0,1.5,0.6,22.0,20.0,,-0.2,0.2,0.0,-0.003,,-2.6,-2.0,-4.6,-0.3
2001-02,22,MIN,NBA,PG,28,258,5.4,.361,.389,.211,1.8,8.8,5.4,19.9,1.4,0.0,16.2,20.6,,-0.5,0.1,-0.4,-0.067,,-4.8,-1.5,-6.3,-0.3
2021-22,21,WAS,NBA,SG,7,20,3.4,.167,.167,.000,5.6,10.9,8.3,25.4,0.0,0.0,0.0,13.3,,0.0,0.0,0.0,-0.098,,-4.3,-1.7,-6.0,0.0
2011-12,26,NOH,NBA,PF,54,1088,16.7,.552,.004,.241,9.6,19.3,14.5,11.5,2.6,3.5,13.7,14.5,,1.5,1.7,3.2,.142,,0.0,2.5,2.5,1.2
2012-13,27,TOT,NBA,C,55,734,12.8,.540,.000,.299,9.0,21.3,15.1,14.7,1.5,1.8,19.9,14.5,,0.4,0.8,1.2,.077,,-3.0,1.3,-1.7,0.1
2012-13,27,ORL,NBA,C,43,571,11.7,.540,.000,.304,7.9,19.8,13.8,15.5,1.2,1.8,21.1,14.3,,0.3,0.5,0.7,.061,,-3.3,1.3,-2.0,0.0
2012-13,27,MIL,NBA,C,12,163,16.6,.539,.000,.286,12.7,26.7,19.4,11.6,2.8,1.8,16.0,15.0,,0.1,0.3,0.4,.132,,-1.8,1.4,-0.5,0.1
2013-14,28,ATL,NBA,C,26,429,12.9,.505,.000,.196,11.4,22.3,16.9,10.0,3.0,1.8,20.7,14.8,,0.0,0.7,0.7,.078,,-2.5,1.4,-1.2,0.1
2009-10,22,POR,NBA,C,39,405,12.1,.705,.000,.308,7.6,22.5,15.0,0.4,0.9,3.2,14.0,10.1,,0.8,0.6,1.3,.156,,-3.4,0.4,-3.0,-0.1
2011-12,24,IND,NBA,C,20,106,13.4,.435,.000,.194,12.8,22.1,17.5,6.3,1.5,1.5,4.9,17.6,,0.1,0.2,0.3,.115,,-1.9,-1.0,-2.8,0.0
2012-13,25,IND,NBA,PF,37,369,14.5,.533,.032,.183,8.9,22.2,15.7,7.2,0.9,2.4,14.5,19.7,,0.3,0.7,1.0,.129,,-1.9,0.9,-1.0,0.1
2013-14,26,SAS,NBA,PF,73,952,11.1,.605,.000,.316,11.0,19.2,15.3,8.6,0.7,1.9,24.1,12.4,,1.0,1.4,2.4,.121,,-3.0,1.0,-2.1,0.0
2014-15,27,SAS,NBA,PF,51,383,14.4,.618,.000,.379,11.2,23.3,17.3,5.5,1.1,1.6,19.0,16.3,,0.6,0.6,1.2,.147,,-2.4,0.3,-2.2,0.0
2015-16,28,LAC,NBA,C,17,107,8.3,.585,.043,.261,4.1,18.1,11.2,6.9,0.0,2.2,19.0,13.4,,0.1,0.1,0.2,.077,,-5.6,-0.5,-6.1,-0.1
2018-19,20,PHO,NBA,C,71,2183,20.5,.608,.005,.217,11.1,26.1,18.5,9.6,1.3,2.6,11.7,21.2,,4.1,1.7,5.8,.128,,1.3,-1.1,0.2,1.2
2019-20,21,PHO,NBA,C,38,1236,20.0,.568,.023,.157,13.0,26.3,19.6,9.7,1.0,4.1,11.6,23.7,,1.5,1.6,3.1,.121,,0.8,-0.4,0.4,0.7
2020-21,22,PHO,NBA,C,69,2115,20.3,.653,.029,.252,12.4,26.3,19.5,6.8,1.0,3.4,11.9,18.2,,5.3,3.1,8.4,.191,,1.1,0.1,1.2,1.7
2021-22,23,PHO,NBA,C,58,1713,21.9,.656,.027,.204,9.6,27.1,18.6,7.6,1.1,2.1,10.7,21.4,,4.1,3.1,7.3,.203,,2.2,0.6,2.8,2.1
2022-23,24,PHO,NBA,C,23,663,21.6,.647,.048,.234,10.9,26.4,18.5,11.5,0.9,2.5,13.4,21.9,,1.5,0.9,2.5,.179,,2.1,0.2,2.2,0.7
2006-07,23,GSW,NBA,SG,41,669,13.4,.572,.359,.355,4.2,11.4,7.7,6.2,1.6,1.1,13.3,18.7,,0.7,0.5,1.2,.083,,0.1,-1.0,-0.9,0.2
2007-08,24,GSW,NBA,SG,81,1732,13.5,.534,.332,.235,6.4,14.0,10.0,6.1,1.3,1.4,8.2,17.2,,2.3,1.1,3.4,.094,,0.0,-0.9,-0.8,0.5
2008-09,25,GSW,NBA,SF,74,2375,14.7,.562,.249,.271,5.1,11.8,8.5,7.6,1.2,1.5,9.1,18.7,,3.6,0.5,4.1,.083,,1.0,-1.5,-0.5,0.9
2009-10,26,GSW,NBA,SF,9,231,19.8,.623,.307,.318,5.7,14.2,9.9,6.8,1.0,2.8,6.5,19.9,,0.6,0.1,0.7,.148,,3.3,-1.1,2.1,0.2
2011-12,28,DAL,NBA,SG,3,18,-3.4,.438,.375,.000,0.0,0.0,0.0,0.0,2.9,0.0,33.3,30.9,,-0.1,0.0,-0.1,-0.325,,-10.3,-3.7,-14.0,-0.1
2020-21,21,UTA,NBA,C,15,57,10.3,.597,.000,1.111,7.8,16.0,12.1,0.0,0.9,5.7,18.3,12.4,,0.0,0.1,0.1,.119,,-5.5,1.7,-3.8,0.0
2021-22,22,UTA,NBA,C,17,195,17.6,.743,.000,.224,10.5,28.8,19.9,0.0,0.3,5.0,18.2,14.7,,0.3,0.3,0.6,.157,,-1.8,0.4,-1.4,0.0
2022-23,23,UTA,NBA,C,9,35,26.3,.752,.000,.750,12.8,37.2,25.2,12.5,2.7,4.6,15.8,15.1,,0.1,0.1,0.2,.236,,3.9,2.6,6.5,0.1