,Season,Age,Tm,Lg,Pos,G,MP,PER,TS%,3PAr,FTr,ORB%,DRB%,TRB%,AST%,STL%,BLK%,TOV%,USG%,OWS,DWS,WS,WS/48,OBPM,DBPM,BPM,VORP
0,1990-91,21,DEN,NBA,PG,67,1505,12.2,0.448,0.099,0.097,1.9,6.0,3.8,19.2,1.5,0.1,9.5,27.2,-0.7,-0.3,-1.0,-0.031,-2.0,-3.0,-5.0,-1.1
1,1991-92,22,DEN,NBA,PG,81,1538,12.6,0.469,0.111,0.128,1.5,6.8,4.0,21.0,1.4,0.2,11.6,26.7,-0.2,0.8,0.6,0.018,-1.2,-1.9,-3.1,-0.4
2,1992-93,23,DEN,NBA,PG,81,2710,15.6,0.515,0.14,0.165,2.0,6.8,4.4,20.8,1.5,0.2,11.0,25.5,3.0,2.2,5.1,0.091,0.9,-1.1,-0.1,1.3
3,1993-94,24,DEN,NBA,PG,80,2617,16.7,0.521,0.104,0.179,1.2,5.8,3.6,24.1,1.6,0.2,9.9,24.9,4.4,2.4,6.8,0.125,1.5,-0.7,0.8,1.9
4,1994-95,25,DEN,NBA,PG,73,2082,17.8,0.543,0.214,0.155,1.9,5.9,3.9,23.0,1.9,0.3,10.0,25.8,3.8,1.3,5.0,0.115,2.3,-1.1,1.2,1.7
5,1995-96,26,DEN,NBA,PG,57,2029,18.6,0.535,0.324,0.164,1.5,6.4,3.9,34.7,1.6,0.1,10.1,25.1,4.4,1.1,5.5,0.131,3.5,-1.6,1.9,1.9
6,1996-97,27,SAC,NBA,PG,75,2131,13.2,0.524,0.266,0.147,0.9,5.9,3.3,15.8,1.4,0.2,10.8,23.2,2.0,0.7,2.7,0.06,-0.8,-1.8,-2.6,-0.4
8,2000-01,31,VAN,NBA,PG,41,486,16.7,0.514,0.057,0.118,1.2,4.7,2.9,32.7,1.0,0.1,9.1,26.8,0.7,0.0,0.7,0.07,1.1,-2.1,-1.0,0.1
9,1997-98,23,SAC,NBA,SG,59,959,10.1,0.456,0.053,0.35,5.0,8.6,6.7,8.9,1.9,0.9,13.6,22.1,-0.8,0.6,-0.2,-0.008,-3.6,-1.2,-4.8,-0.7
10,1998-99,24,SAC,NBA,SG,49,1205,11.8,0.486,0.052,0.334,6.3,9.9,8.1,6.5,2.1,0.8,13.0,19.0,0.5,0.9,1.4,0.058,-2.5,-0.5,-3.0,-0.3
11,1999-00,25,TOT,NBA,SG,61,1578,13.6,0.477,0.036,0.299,7.0,13.1,10.0,10.0,1.8,1.2,12.7,22.5,0.4,1.8,2.2,0.068,-1.2,-0.1,-1.2,0.3
12,1999-00,25,ORL,NBA,SG,46,1205,14.4,0.484,0.041,0.293,7.0,14.6,10.8,9.7,2.2,0.9,13.0,23.3,0.4,1.6,2.0,0.082,-1.0,0.2,-0.8,0.4
19,1996-97,20,VAN,NBA,PF,80,2802,17.4,0.518,0.022,0.428,8.8,14.2,11.5,12.1,1.5,2.2,13.5,27.6,1.7,1.2,2.9,0.049,0.3,-2.1,-1.8,0.2
20,1997-98,21,VAN,NBA,SF,82,2950,21.1,0.562,0.038,0.475,8.9,13.8,11.3,13.5,1.6,1.8,13.6,28.4,6.3,0.6,6.9,0.113,3.4,-1.8,1.6,2.6
21,1998-99,22,VAN,NBA,SF,50,2021,20.7,0.53,0.04,0.492,6.5,15.4,10.9,17.6,1.8,2.0,14.6,28.9,3.7,0.9,4.6,0.108,2.9,-0.9,2.0,2.1
22,1999-00,23,VAN,NBA,SF,82,3223,20.2,0.547,0.075,0.431,8.0,22.7,15.3,15.5,1.5,1.9,14.1,25.0,6.2,2.6,8.8,0.132,2.6,-0.4,2.2,3.4
23,2000-01,24,VAN,NBA,SF,81,3241,19.1,0.549,0.05,0.415,6.2,19.6,13.0,14.3,1.5,1.6,13.2,24.6,5.6,2.9,8.5,0.126,1.7,0.1,1.8,3.1
24,2001-02,25,ATL,NBA,PF,77,2980,19.8,0.536,0.054,0.403,7.6,19.2,13.3,15.1,1.7,2.0,14.1,27.0,4.1,3.1,7.2,0.116,1.9,-0.2,1.7,2.8
25,2002-03,26,ATL,NBA,PF,81,3087,19.9,0.566,0.051,0.457,6.7,17.8,12.5,14.7,1.5,0.9,13.0,24.2,7.4,2.3,9.7,0.151,2.3,-0.7,1.6,2.8
26,2003-04,27,TOT,NBA,PF,85,2684,19.9,0.557,0.032,0.407,8.2,19.0,13.6,12.3,1.4,1.0,12.9,24.4,6.1,2.0,8.1,0.145,2.3,-0.7,1.6,2.4
27,2003-04,27,ATL,NBA,PF,53,1956,21.2,0.568,0.029,0.423,8.2,20.3,14.3,12.6,1.2,0.7,12.3,24.8,5.3,1.3,6.6,0.163,3.3,-1.0,2.3,2.1
29,2004-05,28,POR,NBA,PF,54,1867,18.7,0.581,0.058,0.379,7.9,16.0,12.1,10.7,1.4,1.0,13.0,22.1,3.9,1.5,5.4,0.139,1.6,-0.6,0.9,1.4
30,2005-06,29,SAC,NBA,PF,72,1961,17.2,0.588,0.035,0.44,6.4,14.8,10.6,13.2,1.3,1.6,12.5,20.1,4.0,2.2,6.2,0.152,0.5,0.4,0.9,1.4
31,2006-07,30,SAC,NBA,C,80,2015,13.1,0.524,0.031,0.358,7.0,16.4,11.6,9.2,1.3,1.5,13.3,19.5,1.1,1.7,2.8,0.067,-2.0,-0.5,-2.5,-0.2
33,2016-17,23,OKC,NBA,SG,68,1055,10.1,0.56,0.724,0.144,1.9,7.1,4.5,5.5,1.7,0.6,8.3,15.9,1.2,0.9,2.1,0.096,-1.3,-0.4,-1.6,0.1
34,2017-18,24,OKC,NBA,SG,75,1134,9.0,0.567,0.759,0.158,2.5,8.9,5.6,3.4,1.7,0.6,7.4,12.7,1.3,1.0,2.2,0.094,-1.9,0.4,-1.5,0.1
36,2020-21,21,MIA,NBA,PF,61,737,14.2,0.55,0.004,0.482,11.5,20.6,16.1,6.1,1.3,4.0,13.5,19.5,0.3,1.0,1.3,0.085,-3.6,-0.5,-4.1,-0.4
37,2021-22,22,TOR,NBA,C,73,1725,12.7,0.503,0.259,0.217,8.7,21.7,14.9,6.9,1.1,2.3,11.3,18.5,0.4,2.1,2.5,0.07,-2.0,-0.6,-2.6,-0.2
44,2013-14,23,TOT,NBA,SF,63,847,10.1,0.52,0.106,0.376,9.5,19.5,14.4,4.9,1.4,2.5,15.4,10.1,0.6,0.9,1.5,0.086,-2.5,0.8,-1.7,0.1
46,2013-14,23,SAC,NBA,SF,56,786,9.6,0.518,0.079,0.354,9.5,19.5,14.4,4.4,1.2,2.4,16.0,9.8,0.5,0.7,1.3,0.078,-2.8,0.6,-2.2,0.0
47,2014-15,24,NYK,NBA,PF,68,1287,11.9,0.533,0.181,0.293,6.9,20.5,13.5,8.7,1.1,1.4,13.8,15.5,1.0,0.7,1.7,0.063,-2.1,-1.0,-3.1,-0.3
48,2015-16,25,SAC,NBA,PF,59,876,14.7,0.629,0.229,0.318,8.1,15.1,11.6,4.4,1.6,2.2,10.0,13.1,1.8,0.7,2.5,0.137,-0.2,0.2,-0.1,0.4
52,2017-18,27,BRK,NBA,PF,70,1359,8.2,0.525,0.8,0.164,3.1,17.1,10.0,6.0,1.2,1.6,13.3,14.4,-0.1,1.1,1.0,0.036,-2.6,0.1,-2.5,-0.2
54,2006-07,22,NJN,NBA,SG,61,495,13.0,0.577,0.007,0.267,8.4,9.9,9.2,4.5,1.8,0.6,12.7,16.3,0.5,0.5,1.0,0.095,-1.3,-0.2,-1.5,0.1
60,2013-14,20,OKC,NBA,C,81,1197,11.2,0.541,0.0,0.735,14.1,17.1,15.6,4.9,1.7,3.9,22.5,11.7,0.9,1.9,2.9,0.114,-3.1,0.9,-2.2,-0.1
61,2014-15,21,OKC,NBA,C,70,1771,14.1,0.549,0.005,0.514,12.2,19.3,15.8,5.5,1.1,3.8,16.8,14.3,1.9,2.2,4.1,0.111,-1.5,0.2,-1.3,0.3
62,2015-16,22,OKC,NBA,C,80,2014,15.5,0.621,0.0,0.46,12.5,16.1,14.4,4.3,1.0,3.3,14.1,12.6,4.2,2.3,6.5,0.155,0.0,0.2,0.2,1.1
63,2016-17,23,OKC,NBA,C,80,2389,16.5,0.589,0.002,0.392,13.0,15.4,14.2,5.4,1.8,2.6,16.0,16.2,3.3,3.1,6.5,0.13,-0.2,0.0,-0.2,1.1
64,2017-18,24,OKC,NBA,C,76,2487,20.6,0.63,0.003,0.402,16.6,13.9,15.3,5.5,1.8,2.8,13.3,16.7,6.7,3.0,9.7,0.187,1.7,-0.6,1.1,2.0
65,2018-19,25,OKC,NBA,C,80,2669,18.5,0.591,0.002,0.361,14.7,14.8,14.7,6.6,2.0,2.4,12.6,16.4,5.1,4.0,9.1,0.163,0.7,0.4,1.1,2.1
66,2019-20,26,OKC,NBA,C,63,1680,20.5,0.604,0.006,0.421,14.0,24.0,19.2,13.2,1.5,3.4,14.2,17.3,3.8,2.7,6.5,0.185,1.9,1.1,2.9,2.1
67,2020-21,27,NOP,NBA,C,58,1605,15.1,0.596,0.01,0.438,14.4,20.4,17.4,9.1,1.6,2.2,17.5,11.7,2.3,1.7,4.0,0.119,-0.4,0.1,-0.3,0.7
68,2021-22,28,MEM,NBA,C,76,1999,17.6,0.56,0.003,0.518,17.9,22.0,19.9,16.1,1.6,2.7,19.6,12.0,3.8,3.0,6.8,0.163,1.0,1.0,2.0,2.0
70,2017-18,20,MIA,NBA,C,69,1368,15.7,0.57,0.021,0.526,9.7,21.6,15.6,11.0,1.2,2.5,13.6,15.9,2.3,1.9,4.2,0.148,-1.1,0.7,-0.4,0.6
71,2018-19,21,MIA,NBA,C,82,1913,17.9,0.623,0.031,0.465,9.2,24.0,16.6,14.2,1.8,3.0,17.1,15.8,3.4,3.4,6.8,0.171,-0.4,2.2,1.8,1.8
72,2019-20,22,MIA,NBA,PF,72,2417,20.3,0.598,0.018,0.484,8.5,24.9,17.0,24.2,1.7,3.8,17.6,21.2,4.6,3.9,8.5,0.168,1.4,2.0,3.4,3.3
73,2020-21,23,MIA,NBA,C,64,2143,22.7,0.626,0.01,0.443,7.7,22.6,15.3,26.9,1.7,3.2,15.0,23.7,5.6,3.2,8.8,0.197,2.9,2.0,4.9,3.7
74,2021-22,24,MIA,NBA,C,56,1825,21.8,0.608,0.008,0.466,8.7,26.1,17.5,17.5,2.2,2.6,14.4,25.0,3.6,3.5,7.2,0.188,1.7,2.1,3.8,2.7
79,2012-13,26,CHA,NBA,PF,52,713,13.4,0.493,0.012,0.595,10.6,21.2,15.7,8.3,1.3,3.1,13.1,15.6,0.5,0.4,1.0,0.064,-2.1,-0.9,-3.0,-0.2
80,2013-14,27,TOT,NBA,PF,53,961,17.4,0.553,0.0,0.433,11.8,24.8,18.2,6.8,1.3,3.0,10.6,17.3,1.6,1.1,2.7,0.134,0.0,-0.9,-0.9,0.3
84,2007-08,22,DET,NBA,SG,75,970,10.2,0.494,0.199,0.361,4.4,12.5,8.4,8.1,1.8,0.7,10.9,15.2,0.5,1.4,1.9,0.092,-2.6,1.0,-1.5,0.1
85,2008-09,23,DET,NBA,SG,74,1234,8.9,0.548,0.357,0.237,2.8,10.1,6.4,5.5,1.3,0.8,11.5,14.5,0.8,1.0,1.8,0.069,-2.8,0.2,-2.6,-0.2
86,2009-10,24,DEN,NBA,SG,82,2221,10.9,0.576,0.426,0.168,3.1,9.9,6.5,9.3,1.0,1.0,10.5,14.0,2.8,1.4,4.3,0.092,-0.2,-0.2,-0.4,0.9
87,2010-11,25,DEN,NBA,SG,69,2324,13.6,0.62,0.396,0.26,2.3,9.9,6.2,10.9,0.7,1.0,9.2,14.8,4.8,1.4,6.2,0.128,1.7,-0.3,1.4,2.0
88,2011-12,26,DEN,NBA,SG,62,2086,14.7,0.584,0.316,0.353,2.3,8.5,5.5,11.1,0.9,0.5,9.5,19.1,4.7,0.6,5.3,0.121,1.4,-1.2,0.1,1.1
89,2012-13,27,ORL,NBA,SF,64,2307,13.0,0.527,0.265,0.246,1.4,10.3,5.8,14.6,0.9,0.4,12.1,22.5,1.5,0.5,2.0,0.042,-1.1,-1.8,-2.9,-0.5
90,2013-14,28,ORL,NBA,SG,73,2552,16.0,0.574,0.297,0.332,1.4,10.2,5.8,16.9,0.7,0.1,11.2,23.3,4.3,1.0,5.3,0.099,1.4,-1.6,-0.2,1.1
91,2014-15,29,TOT,NBA,SG,78,2502,10.7,0.533,0.377,0.224,1.1,9.7,5.3,8.2,0.8,0.2,10.7,19.0,1.6,1.0,2.6,0.05,-1.4,-1.1,-2.5,-0.3
92,2014-15,29,DEN,NBA,SG,53,1750,11.7,0.533,0.37,0.23,1.3,10.2,5.6,9.3,0.9,0.2,10.3,19.9,1.4,0.4,1.8,0.05,-0.7,-1.2,-1.9,0.1
94,2015-16,30,NYK,NBA,SG,71,2371,10.9,0.531,0.298,0.164,1.1,11.0,6.1,9.9,0.5,0.3,8.7,17.9,1.8,0.9,2.7,0.055,-1.3,-1.6,-2.9,-0.5
95,2016-17,31,SAC,NBA,SG,61,1580,8.9,0.559,0.36,0.221,0.7,8.4,4.6,7.4,0.7,0.3,8.4,14.4,1.2,0.2,1.4,0.043,-2.1,-1.5,-3.6,-0.7
96,2017-18,32,ORL,NBA,SG,53,682,5.8,0.516,0.432,0.16,0.6,10.1,5.3,6.2,0.3,1.1,10.8,12.5,-0.1,0.2,0.1,0.009,-3.8,-1.5,-5.4,-0.6
112,2013-14,25,NOP,NBA,C,56,951,14.6,0.589,0.004,0.269,11.3,22.7,16.9,6.6,1.3,4.1,18.4,16.3,1.2,0.9,2.1,0.104,-2.7,0.1,-2.6,-0.1
113,2014-15,26,NOP,NBA,C,68,957,19.9,0.595,0.0,0.301,12.4,25.0,18.7,8.2,1.2,4.0,15.6,21.1,1.9,1.2,3.2,0.159,-0.7,0.4,-0.3,0.4
114,2015-16,27,NOP,NBA,C,59,861,13.8,0.514,0.003,0.197,9.3,25.9,17.3,5.8,1.1,3.4,13.6,20.4,0.2,0.9,1.0,0.058,-3.4,-0.6,-4.0,-0.4
122,2014-15,23,PHI,NBA,PF,41,540,12.0,0.517,0.064,0.346,14.9,20.7,17.7,8.3,1.6,2.4,15.9,8.6,0.7,0.7,1.4,0.122,-3.9,0.4,-3.6,-0.2
125,2012-13,24,TOT,NBA,C,45,388,11.1,0.563,0.0,0.25,8.7,26.7,17.7,3.4,0.7,4.6,20.6,12.7,0.1,0.4,0.6,0.07,-3.5,0.6,-2.9,-0.1
128,2013-14,25,NYK,NBA,C,46,330,19.1,0.62,0.0,0.492,12.8,33.8,23.0,6.4,1.3,8.1,19.5,13.0,0.6,0.6,1.2,0.178,-0.1,1.6,1.5,0.3
129,2014-15,26,NYK,NBA,C,61,976,18.1,0.513,0.0,0.213,11.6,28.9,20.0,13.3,2.0,5.5,15.2,18.3,0.8,1.4,2.2,0.107,-0.8,1.1,0.3,0.6
130,2015-16,27,LAC,NBA,C,60,800,21.3,0.626,0.0,0.373,11.9,27.1,19.6,10.0,2.9,6.7,19.6,18.4,1.4,2.0,3.5,0.209,-0.9,3.4,2.4,0.9
131,2016-17,28,MIN,NBA,C,62,531,12.7,0.549,0.0,0.256,11.0,23.9,17.4,6.4,2.4,3.7,15.1,9.4,0.6,0.7,1.3,0.116,-2.3,1.5,-0.8,0.2
133,2006-07,21,POR,NBA,C,63,1392,17.1,0.533,0.004,0.24,12.6,15.3,13.9,3.2,0.9,4.2,7.5,19.3,2.5,1.0,3.4,0.118,-0.4,-1.0,-1.4,0.2
134,2007-08,22,POR,NBA,PF,76,2649,18.5,0.523,0.006,0.257,9.8,15.8,12.8,8.8,1.1,2.8,8.9,25.3,3.5,2.8,6.2,0.113,0.6,-0.4,0.2,1.5
135,2008-09,23,POR,NBA,PF,81,3004,19.1,0.529,0.023,0.269,9.5,15.6,12.5,9.3,1.4,2.0,8.0,23.7,6.1,3.3,9.5,0.151,1.7,-0.4,1.3,2.5
136,2009-10,24,POR,NBA,PF,78,2922,18.2,0.535,0.014,0.26,8.1,18.6,13.3,9.9,1.3,1.3,7.4,22.9,5.5,3.3,8.8,0.145,1.4,-0.2,1.2,2.3
137,2010-11,25,POR,NBA,PF,81,3211,21.5,0.549,0.016,0.314,10.1,17.2,13.5,10.1,1.4,2.4,8.7,25.7,7.6,3.5,11.1,0.166,2.6,-0.5,2.1,3.4
138,2011-12,26,POR,NBA,PF,55,1994,22.7,0.56,0.012,0.291,8.6,17.5,12.9,13.2,1.3,1.7,9.5,27.0,5.4,1.6,7.0,0.169,3.4,-0.4,3.0,2.5
139,2012-13,27,POR,NBA,PF,74,2790,20.4,0.53,0.011,0.264,7.2,20.9,14.0,13.0,1.2,2.5,8.9,26.5,4.8,2.3,7.2,0.124,1.7,-0.4,1.3,2.3
140,2013-14,28,POR,NBA,PF,69,2498,21.8,0.507,0.011,0.253,7.2,25.5,16.5,13.0,1.3,1.9,7.2,29.8,4.0,3.5,7.5,0.144,2.3,0.1,2.3,2.7
141,2014-15,29,POR,NBA,PF,71,2512,22.8,0.528,0.074,0.256,7.7,22.9,15.5,9.2,1.0,1.9,7.2,30.2,4.9,3.7,8.6,0.165,3.2,-0.3,2.9,3.1
142,2015-16,30,SAS,NBA,PF,74,2261,22.4,0.565,0.015,0.289,9.2,22.2,15.9,8.1,0.9,2.8,7.8,25.9,5.6,4.5,10.1,0.215,2.0,0.3,2.3,2.5
143,2016-17,31,SAS,NBA,PF,72,2335,18.6,0.532,0.053,0.258,8.5,16.6,12.7,9.9,1.0,3.0,7.7,24.5,3.5,3.7,7.2,0.149,0.7,0.1,0.8,1.7
144,2017-18,32,SAS,NBA,C,75,2509,25.0,0.57,0.068,0.296,10.8,17.3,14.0,11.3,0.9,3.0,6.8,29.1,7.4,3.5,10.9,0.209,4.3,-0.4,3.9,3.7
145,2018-19,33,SAS,NBA,C,81,2687,22.9,0.576,0.032,0.312,10.3,19.8,15.1,11.6,0.8,3.4,8.8,26.9,6.4,2.9,9.3,0.167,2.4,-0.6,1.8,2.6
146,2019-20,34,SAS,NBA,C,53,1754,19.7,0.571,0.198,0.241,6.3,17.8,12.0,11.4,1.0,4.4,7.8,23.4,3.0,1.4,4.5,0.122,1.8,-0.5,1.4,1.5
150,2021-22,36,BRK,NBA,C,47,1050,19.6,0.604,0.1,0.223,7.8,18.7,13.4,6.3,0.6,4.0,8.0,22.4,2.1,1.0,3.1,0.141,1.3,-0.6,0.7,0.7
152,1995-96,22,SAS,NBA,PG,60,560,8.7,0.506,0.426,0.161,1.9,6.3,4.2,31.6,2.5,0.3,29.1,18.8,-0.5,0.7,0.2,0.021,-4.2,-0.1,-4.3,-0.3
153,1996-97,23,SAS,NBA,PG,80,1454,14.3,0.528,0.514,0.263,2.3,8.0,5.1,30.0,3.1,0.9,21.1,22.2,0.5,0.6,1.1,0.035,0.3,-0.8,-0.6,0.5
154,1997-98,24,TOT,NBA,PG,60,1298,15.2,0.548,0.44,0.255,1.5,11.7,6.6,28.7,2.9,0.6,20.1,19.8,1.0,1.2,2.2,0.081,0.4,0.1,0.5,0.8
161,2000-01,23,TOT,NBA,PG,65,1382,11.6,0.484,0.08,0.262,3.5,8.4,5.9,8.0,1.7,0.3,10.5,23.2,0.3,0.5,0.8,0.027,-2.4,-1.9,-4.3,-0.8
164,2001-02,24,WAS,NBA,SG,56,1325,13.6,0.521,0.038,0.255,3.7,9.3,6.5,11.3,1.4,0.4,10.2,20.4,1.6,0.6,2.2,0.08,-0.9,-1.3,-2.2,-0.1
165,2002-03,25,NOH,NBA,PG,66,1360,9.3,0.459,0.113,0.289,3.3,6.8,5.0,9.8,1.2,0.3,10.7,21.3,0.1,1.0,1.1,0.04,-3.3,-1.2,-4.5,-0.9
166,2008-09,22,MIL,NBA,SF,59,716,10.1,0.494,0.188,0.339,6.9,12.3,9.5,9.5,1.1,3.4,15.6,20.9,-0.3,0.7,0.4,0.03,-3.4,-0.1,-3.5,-0.3
170,1991-92,22,GSW,NBA,C,80,1350,13.9,0.561,0.002,0.325,8.7,18.3,13.6,3.1,1.5,2.7,14.8,18.3,1.1,1.4,2.5,0.09,-1.6,-0.4,-2.0,0.0
171,1992-93,23,GSW,NBA,C,72,1753,14.3,0.548,0.033,0.243,8.4,18.4,13.4,7.8,0.9,1.9,14.0,20.0,1.6,1.4,3.0,0.083,-1.0,-0.6,-1.6,0.2
172,1993-94,24,GSW,NBA,C,69,1318,14.0,0.539,0.026,0.257,9.5,15.7,12.6,7.3,1.0,1.5,13.3,20.2,1.1,1.1,2.3,0.083,-1.1,-0.9,-2.1,0.0
173,1994-95,25,GSW,NBA,C,50,1237,12.8,0.53,0.056,0.134,7.7,18.4,13.0,7.8,1.1,1.6,13.8,18.8,0.3,0.8,1.1,0.044,-2.2,-0.7,-2.9,-0.3
175,2019-20,21,NOP,NBA,SG,47,591,8.9,0.473,0.5,0.139,1.6,13.5,7.5,21.1,1.3,1.1,16.1,23.3,-0.7,0.4,-0.2,-0.02,-3.2,-1.4,-4.6,-0.4
176,2020-21,22,NOP,NBA,SG,46,1007,12.5,0.522,0.478,0.144,1.4,14.1,7.8,14.7,2.2,2.1,12.4,23.2,-0.3,1.0,0.7,0.035,-1.4,0.1,-1.3,0.2
177,2021-22,23,TOT,NBA,SG,65,1466,10.5,0.475,0.497,0.16,2.7,11.5,7.1,16.1,1.5,1.5,11.3,24.1,-1.1,1.1,0.1,0.003,-1.8,-1.1,-2.9,-0.3
178,2021-22,23,NOP,NBA,SG,50,1317,10.5,0.474,0.483,0.153,3.0,11.0,6.9,16.1,1.5,1.4,11.2,24.8,-1.1,0.9,-0.1,-0.005,-1.7,-1.3,-3.0,-0.3
184,2020-21,25,MEM,NBA,SG,50,1259,12.8,0.586,0.662,0.22,1.6,12.0,6.7,11.5,1.7,0.6,9.6,16.8,1.5,1.2,2.7,0.101,-0.2,0.1,-0.2,0.6
185,2021-22,26,MIL,NBA,SG,66,1805,12.7,0.609,0.684,0.13,1.9,10.9,6.5,7.6,1.2,1.0,6.7,15.2,2.8,1.4,4.2,0.11,0.6,-0.2,0.4,1.1
187,2017-18,19,BRK,NBA,C,72,1441,17.5,0.636,0.038,0.37,10.5,18.1,14.3,5.4,0.9,4.6,15.1,16.3,2.7,1.5,4.2,0.141,-0.9,0.1,-0.8,0.5
188,2018-19,20,BRK,NBA,C,80,2096,18.5,0.632,0.079,0.489,9.6,24.0,16.8,7.9,1.0,4.5,13.0,15.9,4.4,3.3,7.6,0.175,0.2,1.4,1.6,1.9
189,2019-20,21,BRK,NBA,C,70,1852,20.7,0.664,0.013,0.581,12.3,24.9,18.7,8.9,1.0,4.2,11.7,14.9,5.2,2.9,8.2,0.212,1.4,1.0,2.3,2.0
190,2020-21,22,TOT,NBA,C,63,1864,20.1,0.661,0.039,0.602,11.6,26.3,18.9,8.7,0.8,4.3,14.1,16.6,4.3,2.1,6.4,0.166,1.3,-0.2,1.1,1.4
192,2020-21,22,CLE,NBA,C,51,1544,19.8,0.649,0.046,0.549,11.2,25.9,18.3,8.8,0.8,4.1,13.1,16.8,3.4,1.6,5.0,0.155,1.2,-0.4,0.8,1.1
193,2021-22,23,CLE,NBA,C,56,1809,23.0,0.698,0.018,0.428,12.0,24.5,18.4,8.2,1.2,3.7,12.7,18.1,5.4,3.0,8.5,0.225,2.7,1.2,3.9,2.7
198,2011-12,22,PHI,NBA,PF,41,624,12.7,0.488,0.0,0.084,8.3,22.2,15.2,8.4,1.1,2.2,10.4,14.5,0.4,1.2,1.6,0.124,-2.8,1.0,-1.7,0.0
199,2012-13,23,PHI,NBA,C,79,1669,11.5,0.474,0.002,0.132,10.5,16.5,13.4,6.7,0.8,2.6,10.3,14.8,0.9,1.6,2.5,0.072,-3.0,-0.3,-3.3,-0.6
200,2013-14,24,TOT,NBA,PF,65,1072,12.5,0.47,0.043,0.167,11.7,20.0,15.7,10.1,1.1,2.4,12.0,14.6,0.6,0.9,1.5,0.066,-2.6,-0.8,-3.5,-0.4
201,2013-14,24,PHI,NBA,PF,51,960,11.9,0.464,0.049,0.15,11.5,20.0,15.6,10.2,1.1,2.2,12.4,14.3,0.4,0.7,1.1,0.053,-2.9,-1.0,-3.8,-0.4
203,2014-15,25,IND,NBA,C,63,1070,14.9,0.493,0.0,0.157,12.8,20.5,16.7,10.9,0.7,3.1,11.1,15.2,1.3,1.6,2.8,0.127,-0.5,0.5,0.0,0.6
204,2015-16,26,IND,NBA,PF,79,1599,12.4,0.532,0.0,0.197,11.1,17.8,14.5,7.1,0.8,2.1,14.6,13.0,1.6,2.1,3.7,0.11,-1.7,0.1,-1.6,0.2
205,2016-17,27,IND,NBA,PF,61,871,11.6,0.485,0.006,0.196,13.7,14.5,14.1,9.1,1.0,2.4,13.7,10.9,0.9,0.8,1.7,0.093,-1.5,-0.2,-1.7,0.1
207,2002-03,24,MIA,NBA,PF,80,2318,9.9,0.455,0.005,0.153,6.5,14.9,10.6,4.4,0.9,2.6,13.2,19.7,-1.7,2.6,0.9,0.018,-3.9,-0.4,-4.4,-1.4
208,2003-04,25,MIA,NBA,PF,45,616,10.5,0.449,0.0,0.167,7.9,14.7,11.3,4.7,1.1,3.6,11.3,18.3,-0.1,0.8,0.7,0.051,-3.7,-0.1,-3.8,-0.3
212,2005-06,27,CHI,NBA,PF,54,701,11.5,0.504,0.004,0.154,7.2,15.7,11.5,4.9,1.0,1.8,11.4,19.2,0.0,1.0,1.0,0.068,-3.0,0.3,-2.7,-0.1
213,2006-07,28,CHI,NBA,PF,60,638,10.4,0.443,0.004,0.132,7.6,13.7,10.6,4.2,1.4,2.0,7.1,20.5,-0.2,1.1,1.0,0.073,-3.9,0.5,-3.4,-0.2
214,2007-08,29,TOT,NBA,PF,73,1096,9.8,0.5,0.006,0.076,7.0,13.6,10.4,6.8,0.9,2.2,11.7,16.1,0.1,0.9,1.0,0.045,-3.4,0.0,-3.5,-0.4
215,2007-08,29,NJN,NBA,PF,48,763,10.1,0.489,0.008,0.05,6.4,13.1,9.7,6.8,1.0,2.1,10.7,17.9,-0.2,0.5,0.4,0.023,-3.3,-0.3,-3.6,-0.3
217,2008-09,30,MIL,NBA,PF,49,579,7.3,0.435,0.006,0.124,6.8,14.5,10.5,9.5,0.6,1.7,10.0,15.4,-0.2,0.5,0.3,0.024,-4.2,-0.2,-4.5,-0.4
218,2009-10,31,DEN,NBA,PF,51,456,5.9,0.431,0.052,0.112,9.2,11.5,10.4,5.1,1.2,0.8,15.3,14.0,-0.3,0.3,0.1,0.009,-4.7,-1.0,-5.7,-0.4
220,1996-97,21,MIL,NBA,SG,82,2532,14.6,0.541,0.328,0.274,4.7,11.0,7.9,13.9,1.6,0.3,12.8,21.4,3.3,1.5,4.9,0.092,0.8,-0.9,-0.1,1.2
221,1997-98,22,MIL,NBA,SG,82,3287,16.2,0.539,0.28,0.297,4.7,10.4,7.5,19.3,1.8,0.3,15.0,24.3,4.7,2.3,7.0,0.102,1.9,-0.9,1.0,2.5
222,1998-99,23,MIL,NBA,SG,50,1719,18.9,0.564,0.309,0.29,4.1,10.7,7.4,18.8,1.7,0.3,13.9,24.5,4.2,1.1,5.2,0.146,3.5,-1.0,2.4,1.9
223,1999-00,24,MIL,NBA,SG,82,3070,20.6,0.57,0.288,0.282,3.2,10.5,6.8,17.0,1.9,0.5,10.3,25.6,9.0,1.0,10.1,0.157,4.7,-1.1,3.6,4.3
224,2000-01,25,MIL,NBA,SG,82,3129,22.9,0.61,0.357,0.299,3.7,11.8,7.8,20.4,2.1,0.5,12.1,24.4,11.5,2.2,13.7,0.211,5.7,-0.3,5.5,5.9
225,2001-02,26,MIL,NBA,SG,69,2525,21.6,0.598,0.46,0.213,3.9,10.1,7.1,19.4,1.9,0.5,11.2,26.2,7.6,1.3,8.9,0.169,6.0,-1.1,4.9,4.4
226,2002-03,27,TOT,NBA,SG,76,2880,21.3,0.565,0.391,0.253,3.8,11.8,7.8,21.6,1.9,0.4,11.6,27.8,7.6,1.5,9.1,0.152,4.7,-1.0,3.6,4.1
227,2002-03,27,MIL,NBA,SG,47,1683,19.9,0.564,0.387,0.243,3.1,12.1,7.6,17.5,1.8,0.5,11.6,27.8,3.8,0.5,4.3,0.123,3.4,-1.9,1.6,1.5
229,2003-04,28,SEA,NBA,SG,56,2152,21.7,0.566,0.372,0.266,3.8,11.8,7.8,23.3,1.8,0.4,12.1,27.8,6.5,0.4,6.9,0.153,5.5,-1.5,4.0,3.2
230,2004-05,29,SEA,NBA,SG,78,3064,20.9,0.555,0.372,0.286,3.2,10.7,6.9,18.1,1.5,0.1,9.2,28.0,9.7,1.0,10.7,0.168,5.3,-1.2,4.1,4.8
231,2005-06,30,SEA,NBA,SG,78,3022,22.2,0.59,0.435,0.239,2.8,10.6,6.6,17.2,1.8,0.4,10.2,27.4,9.8,-0.3,9.5,0.15,6.4,-2.0,4.4,4.9
232,2006-07,31,SEA,NBA,SG,55,2219,21.6,0.564,0.384,0.268,3.1,10.4,6.7,19.0,1.9,0.4,10.7,29.5,5.4,0.9,6.3,0.136,5.0,-1.3,3.7,3.2
233,2007-08,32,BOS,NBA,SG,73,2624,16.4,0.584,0.458,0.24,3.6,8.3,6.1,14.6,1.3,0.5,10.4,21.6,5.6,4.1,9.7,0.177,2.9,0.2,3.0,3.3
234,2008-09,33,BOS,NBA,SG,79,2876,17.3,0.624,0.467,0.239,2.9,8.6,5.9,12.6,1.3,0.4,10.4,20.8,7.4,3.7,11.1,0.186,3.7,0.3,4.0,4.3
235,2009-10,34,BOS,NBA,SG,80,2819,15.2,0.601,0.41,0.26,2.0,8.8,5.5,12.3,1.2,0.7,10.6,20.2,5.1,2.9,7.9,0.135,1.5,-0.3,1.2,2.3
236,2010-11,35,BOS,NBA,SG,80,2890,16.4,0.615,0.387,0.224,2.3,9.0,5.8,12.7,1.4,0.4,9.8,19.8,5.8,4.2,10.0,0.166,2.3,0.6,2.9,3.6
237,2011-12,36,BOS,NBA,SG,46,1565,14.8,0.607,0.475,0.215,1.1,9.2,5.3,11.8,1.7,0.4,11.2,18.6,2.5,2.2,4.7,0.145,1.5,0.7,2.2,1.6
238,2012-13,37,MIA,NBA,SG,79,2035,14.7,0.599,0.51,0.243,2.6,10.1,6.6,10.2,1.7,0.6,12.5,19.3,3.4,1.9,5.4,0.126,1.1,-0.8,0.3,1.2
239,2013-14,38,MIA,NBA,SG,73,1936,12.8,0.59,0.569,0.214,1.6,11.4,6.7,11.1,1.5,0.4,12.4,16.8,2.5,1.5,4.1,0.101,0.5,-0.9,-0.4,0.8
240,2004-05,23,BOS,NBA,SG,77,1262,14.7,0.542,0.08,0.393,8.0,12.3,10.2,8.2,3.1,1.4,14.5,18.9,1.2,1.6,2.7,0.103,-0.7,0.8,0.1,0.7
241,2005-06,24,BOS,NBA,PG,51,978,12.9,0.554,0.124,0.489,4.1,9.6,6.9,11.2,2.7,1.4,16.8,18.8,0.6,1.0,1.7,0.082,-2.3,0.9,-1.4,0.1
243,2007-08,26,BOS,NBA,SG,75,1373,10.7,0.527,0.147,0.465,3.1,11.0,7.3,13.1,2.4,1.3,18.9,19.6,-0.1,2.8,2.7,0.093,-3.4,1.7,-1.7,0.1
244,2008-09,27,BOS,NBA,SG,46,887,12.9,0.541,0.095,0.384,3.2,10.7,7.1,12.0,3.2,2.1,18.8,21.5,-0.2,1.8,1.6,0.085,-2.4,2.5,0.1,0.5
245,2009-10,28,BOS,NBA,SG,54,889,14.2,0.54,0.02,0.47,7.4,12.5,10.0,13.0,3.5,1.7,17.8,19.6,0.2,1.6,1.9,0.1,-1.8,2.2,0.4,0.5
246,2010-11,29,MEM,NBA,SG,72,1494,18.4,0.562,0.047,0.37,5.5,9.9,7.7,10.9,4.5,2.4,13.1,19.9,2.0,2.7,4.7,0.152,0.1,3.5,3.6,2.1
247,2011-12,30,MEM,NBA,SG,58,1525,15.7,0.541,0.058,0.391,7.4,10.6,8.9,8.3,3.6,1.8,15.2,18.4,1.7,2.5,4.2,0.131,-0.6,2.3,1.7,1.4
248,2012-13,31,MEM,NBA,SG,79,2109,13.2,0.489,0.038,0.293,6.6,13.8,10.2,7.6,3.1,1.7,11.5,17.8,1.0,4.1,5.1,0.115,-2.0,2.4,0.4,1.2
249,2013-14,32,MEM,NBA,SG,55,1278,15.6,0.531,0.114,0.293,7.3,12.0,9.6,11.7,3.8,1.2,16.2,20.1,0.5,2.1,2.7,0.1,-1.1,2.1,1.0,1.0
250,2014-15,33,MEM,NBA,SG,63,1648,14.6,0.528,0.064,0.277,7.2,12.2,9.7,8.1,4.1,1.5,14.4,16.6,0.9,3.2,4.1,0.119,-1.5,3.1,1.6,1.5
251,2015-16,34,MEM,NBA,SG,64,1620,12.9,0.505,0.09,0.294,7.0,14.1,10.4,6.9,3.5,1.0,12.8,16.8,0.5,1.9,2.4,0.072,-2.2,1.2,-1.0,0.4
252,2016-17,35,MEM,NBA,SG,71,1914,13.3,0.493,0.091,0.218,9.6,13.8,11.7,8.4,3.1,1.4,13.3,17.9,0.2,2.9,3.1,0.077,-2.0,1.1,-1.0,0.5
260,2001-02,25,MIL,NBA,PG,50,600,13.9,0.434,0.372,0.152,2.0,11.4,6.9,36.4,2.8,0.2,16.4,19.0,0.3,0.5,0.7,0.059,-0.3,-0.3,-0.7,0.2
261,2002-03,26,TOR,NBA,PG,47,980,14.4,0.51,0.388,0.161,2.3,10.4,6.2,34.0,2.1,1.1,19.3,20.7,0.7,0.5,1.2,0.059,0.2,-1.0,-0.8,0.3
262,2003-04,27,MIA,NBA,PG,82,2581,13.7,0.509,0.568,0.175,1.2,9.1,5.1,24.9,2.4,0.6,13.5,17.3,3.1,2.8,5.9,0.11,0.2,0.7,0.9,1.9
263,2004-05,28,TOR,NBA,PG,80,2717,16.5,0.522,0.399,0.265,1.7,10.1,5.8,31.7,2.2,0.2,13.5,21.2,3.8,1.7,5.5,0.098,1.4,-0.5,0.9,2.0
264,2005-06,29,HOU,NBA,PG,63,2431,12.6,0.475,0.423,0.194,1.8,10.4,6.1,30.8,2.3,0.5,16.4,18.8,0.2,3.1,3.4,0.067,-1.0,0.6,-0.4,1.0
265,2006-07,30,HOU,NBA,PG,82,3040,12.9,0.496,0.519,0.174,1.1,9.5,5.3,24.1,2.2,0.3,13.4,19.4,1.7,4.9,6.6,0.104,-0.7,1.3,0.6,2.0
266,2007-08,31,HOU,NBA,PG,74,2526,13.2,0.492,0.44,0.148,1.3,10.2,5.8,25.2,2.1,0.5,14.0,20.7,1.0,4.0,5.0,0.095,-0.5,1.0,0.5,1.6
267,2008-09,32,TOT,NBA,PG,77,2447,13.8,0.494,0.404,0.254,1.6,8.8,5.3,27.0,2.3,0.3,13.3,19.9,1.7,3.7,5.3,0.104,-0.3,1.1,0.8,1.8
268,2008-09,32,HOU,NBA,PG,48,1591,12.8,0.484,0.441,0.209,1.9,8.4,5.3,25.9,1.9,0.3,13.4,19.2,0.9,2.1,2.9,0.088,-0.3,0.4,0.2,0.9
270,2009-10,33,TOT,NBA,PG,52,1421,8.2,0.443,0.377,0.182,1.0,9.7,5.3,20.2,1.9,0.5,16.5,18.8,-1.6,1.2,-0.4,-0.013,-3.3,-0.5,-3.8,-0.6
273,2021-22,23,NOP,NBA,PG,54,834,16.4,0.52,0.374,0.18,3.2,10.2,6.6,26.9,4.2,0.8,11.2,18.4,1.0,1.1,2.1,0.121,-0.5,2.4,1.9,0.8
276,1999-00,29,ORL,NBA,C,80,1684,13.2,0.505,0.009,0.416,4.0,13.2,8.6,9.1,1.0,1.5,14.4,24.1,0.6,1.8,2.4,0.067,-1.8,-0.8,-2.5,-0.2
277,2000-01,30,ORL,NBA,C,82,1710,8.7,0.455,0.012,0.471,4.9,12.7,8.7,7.0,0.8,1.2,14.8,21.7,-1.3,1.4,0.0,0.001,-4.3,-1.8,-6.1,-1.7
278,2001-02,31,UTA,NBA,PF,54,586,5.4,0.412,0.0,0.633,10.6,11.8,11.2,7.8,0.6,1.4,20.6,20.6,-1.0,0.3,-0.7,-0.056,-5.4,-2.8,-8.2,-0.9
279,2002-03,32,UTA,NBA,C,50,474,3.1,0.351,0.0,0.441,6.9,12.5,9.8,6.8,1.6,1.1,19.4,17.0,-1.1,0.4,-0.7,-0.07,-6.4,-1.6,-8.0,-0.7
280,2010-11,20,LAC,NBA,SF,81,1452,9.6,0.499,0.352,0.293,6.1,15.4,10.8,6.4,2.1,1.3,18.3,17.3,-0.8,1.4,0.7,0.022,-2.7,-0.1,-2.8,-0.3
281,2011-12,21,NOH,NBA,SF,66,1477,10.6,0.481,0.129,0.312,7.8,16.9,12.4,7.2,2.2,1.9,18.0,16.2,-0.4,1.8,1.4,0.044,-2.9,0.7,-2.2,-0.1
282,2012-13,22,NOH,NBA,SF,76,2066,13.7,0.519,0.04,0.289,7.9,26.2,16.9,7.8,2.4,2.1,17.8,14.6,0.7,2.4,3.1,0.073,-1.3,1.2,-0.1,1.0
283,2013-14,23,NOP,NBA,SF,80,2045,13.2,0.516,0.097,0.277,7.2,21.2,14.1,8.4,2.1,1.6,13.7,14.3,1.3,1.8,3.1,0.072,-0.9,0.3,-0.6,0.7
284,2014-15,24,DAL,NBA,SF,74,1366,14.4,0.504,0.347,0.331,9.1,18.4,13.7,6.1,2.6,3.7,11.9,15.2,1.2,2.0,3.3,0.115,-0.7,1.5,0.7,1.0
285,2015-16,25,POR,NBA,SF,82,2341,12.7,0.533,0.485,0.217,4.5,18.6,11.5,8.8,1.5,1.8,13.2,16.9,1.7,2.3,4.0,0.082,-0.2,0.2,0.1,1.2
286,2016-17,26,POR,NBA,PF,61,1773,11.3,0.506,0.455,0.292,4.8,23.5,14.1,7.9,1.7,2.0,15.2,15.4,-0.1,2.0,1.9,0.051,-1.4,0.4,-1.1,0.4
287,2017-18,27,POR,NBA,PF,69,2072,12.0,0.522,0.582,0.137,5.2,22.3,13.8,5.8,1.9,1.6,11.3,14.8,0.9,3.2,4.2,0.097,-0.7,1.1,0.4,1.3
288,2018-19,28,POR,NBA,PF,81,2292,13.2,0.568,0.472,0.292,5.3,22.6,14.2,6.0,1.4,1.2,9.7,13.7,3.0,2.8,5.8,0.121,0.1,0.6,0.7,1.5
297,2008-09,26,PHO,NBA,PF,76,1044,13.3,0.53,0.004,0.48,14.9,15.3,15.1,3.7,1.5,4.6,15.6,15.1,0.8,1.0,1.8,0.082,-2.2,-0.3,-2.5,-0.1
298,2009-10,27,PHO,NBA,PF,79,1168,14.4,0.562,0.004,0.446,13.1,19.9,16.7,3.7,1.0,4.4,14.7,14.6,1.5,1.3,2.9,0.118,-1.5,0.4,-1.1,0.3
299,2010-11,28,GSW,NBA,PF,46,691,11.5,0.452,0.0,0.475,13.0,17.4,15.2,3.5,1.0,3.6,9.8,15.7,0.2,0.5,0.6,0.044,-3.1,-1.4,-4.5,-0.4
300,2011-12,29,IND,NBA,PF,60,753,11.5,0.438,0.0,0.396,14.1,19.0,16.6,3.0,1.9,4.6,15.6,17.3,-0.3,1.3,1.0,0.062,-4.0,0.1,-4.0,-0.4
308,2014-15,32,TOT,NBA,PF,53,937,11.8,0.442,0.004,0.341,11.3,22.0,16.5,12.2,1.2,4.6,17.5,17.4,-0.6,0.9,0.3,0.017,-4.1,-0.2,-4.3,-0.5
310,2014-15,32,NYK,NBA,PF,41,858,12.5,0.444,0.004,0.337,11.6,22.0,16.7,12.6,1.3,5.0,17.0,18.0,-0.5,0.8,0.4,0.02,-3.8,-0.1,-3.9,-0.4
313,2002-03,24,DEN,NBA,C,59,907,14.0,0.44,0.004,0.491,13.3,22.3,17.6,6.3,1.7,5.3,14.8,19.9,-0.5,1.7,1.1,0.059,-2.4,0.4,-2.0,0.0
314,2003-04,25,DEN,NBA,PF,71,1029,14.4,0.486,0.005,0.527,9.6,23.3,16.3,5.1,1.7,7.8,16.1,12.7,0.5,1.9,2.4,0.111,-2.2,2.7,0.4,0.6
315,2004-05,26,NOH,NBA,C,67,1430,18.5,0.581,0.008,0.531,10.9,23.6,17.0,9.1,0.5,5.6,12.7,16.4,2.7,1.8,4.5,0.152,0.5,1.1,1.6,1.3
318,2008-09,30,DEN,NBA,C,71,1460,18.1,0.608,0.034,0.62,13.4,21.6,17.6,3.2,1.4,9.3,15.7,13.4,2.5,2.8,5.4,0.176,-0.3,2.4,2.2,1.5
319,2009-10,31,DEN,NBA,PF,76,1695,15.8,0.631,0.012,0.94,10.1,22.7,16.4,2.8,1.3,6.3,14.3,10.8,3.2,2.7,5.9,0.166,-0.1,1.9,1.8,1.6
320,2010-11,32,DEN,NBA,C,45,732,19.0,0.636,0.007,0.985,12.2,22.1,17.3,4.0,1.6,6.0,11.3,13.5,1.9,1.2,3.2,0.207,1.2,1.8,3.0,0.9
322,2012-13,34,MIA,NBA,C,42,624,17.4,0.631,0.024,0.756,11.9,21.5,17.0,4.0,1.4,5.8,12.8,14.4,1.6,1.1,2.7,0.207,-1.0,0.8,-0.2,0.3
323,2013-14,35,MIA,NBA,C,72,1396,18.5,0.683,0.044,0.615,12.1,21.7,17.1,2.1,1.2,6.1,13.2,13.8,3.8,2.2,6.0,0.205,0.6,0.7,1.2,1.1
324,2014-15,36,MIA,NBA,C,60,1132,16.1,0.622,0.063,0.551,8.2,23.2,15.9,6.1,1.2,4.6,13.5,12.3,2.1,1.5,3.6,0.151,0.0,1.0,1.1,0.9
329,2009-10,29,HOU,NBA,C,63,891,12.1,0.497,0.229,0.197,6.7,20.6,13.4,8.1,0.9,1.0,9.1,20.2,0.4,0.9,1.3,0.07,-2.0,-0.6,-2.6,-0.1
330,2010-11,30,TOT,NBA,PF,40,373,10.9,0.513,0.19,0.182,6.4,21.0,13.6,5.6,0.7,2.0,14.4,19.1,-0.1,0.3,0.3,0.032,-2.8,-0.7,-3.4,-0.1
336,2012-13,30,TOR,NBA,SF,65,1495,12.6,0.509,0.463,0.239,2.7,9.2,5.9,11.7,1.7,0.4,10.5,23.6,0.8,0.8,1.6,0.052,-0.5,-1.3,-1.8,0.1
337,2013-14,31,BRK,NBA,SF,78,1773,9.5,0.525,0.511,0.243,2.7,9.1,5.9,7.3,1.4,0.5,10.4,15.9,0.8,0.9,1.7,0.047,-1.8,-1.0,-2.8,-0.4
338,2014-15,32,BRK,NBA,SG,74,1744,10.6,0.563,0.477,0.23,2.0,11.1,6.6,7.2,1.7,0.2,11.0,14.2,1.7,1.1,2.7,0.075,-1.7,0.2,-1.5,0.2
342,1997-98,23,CLE,NBA,SF,66,1839,15.3,0.531,0.143,0.538,3.7,8.7,6.2,21.3,2.5,0.5,15.0,21.4,2.6,2.8,5.3,0.139,0.3,1.4,1.7,1.7
344,1999-00,25,LAC,NBA,SG,64,2201,16.9,0.542,0.207,0.359,3.9,9.3,6.5,17.9,2.1,0.3,14.4,23.4,3.1,0.3,3.3,0.073,1.2,-1.2,-0.1,1.1
345,2000-01,26,SAS,NBA,SG,82,2859,17.1,0.542,0.255,0.405,3.1,10.9,7.2,18.1,2.2,0.3,12.4,21.9,5.6,4.3,9.9,0.166,1.2,1.2,2.4,3.2
346,2001-02,27,POR,NBA,SG,70,1860,15.5,0.538,0.373,0.34,2.9,9.1,6.0,18.6,2.0,0.3,11.0,19.4,3.8,1.5,5.3,0.137,1.4,0.2,1.6,1.7
347,2002-03,28,POR,NBA,PG,76,2556,16.9,0.556,0.398,0.323,2.5,10.0,6.2,20.7,1.9,0.5,11.9,19.5,5.9,2.2,8.1,0.153,2.2,0.1,2.3,2.8
348,2003-04,29,POR,NBA,SG,51,1810,15.1,0.499,0.423,0.307,1.7,10.2,6.0,21.1,2.0,0.1,11.5,20.5,2.7,0.9,3.6,0.097,0.8,-0.5,0.3,1.0
349,2004-05,30,POR,NBA,SG,47,1239,11.7,0.503,0.386,0.223,2.4,9.2,6.0,18.9,1.6,0.2,14.0,18.5,0.7,0.6,1.3,0.052,-0.6,-0.6,-1.2,0.2
350,2005-06,31,TOT,NBA,SG,43,1047,10.8,0.496,0.442,0.366,2.4,13.3,8.0,15.7,1.2,0.5,13.3,18.2,0.5,1.1,1.6,0.074,-1.3,0.1,-1.2,0.2
353,2006-07,32,CHA,NBA,SF,50,1190,13.7,0.586,0.517,0.361,2.8,8.6,5.6,17.6,2.3,0.5,14.1,15.1,2.0,0.9,2.9,0.117,-0.3,0.6,0.4,0.7
356,2011-12,22,SAS,NBA,SG,51,603,8.8,0.483,0.391,0.299,3.1,11.8,7.5,9.6,0.7,0.2,13.2,17.2,0.1,0.4,0.5,0.04,-2.7,-1.4,-4.1,-0.3
360,2013-14,24,PHI,NBA,SG,80,2309,10.9,0.53,0.49,0.148,2.7,11.7,7.0,9.9,1.6,1.0,12.2,15.9,0.9,0.9,1.9,0.039,-1.5,-1.0,-2.6,-0.3
361,2015-16,26,SAC,NBA,SG,51,721,6.0,0.469,0.483,0.163,2.0,10.9,6.5,7.7,1.4,1.6,18.0,13.7,-0.6,0.4,-0.3,-0.017,-3.9,-0.6,-4.5,-0.5
362,2015-16,22,DAL,NBA,SF,55,647,12.3,0.522,0.474,0.314,3.1,19.3,11.2,6.8,1.5,3.2,10.8,15.8,0.3,0.8,1.1,0.083,-1.1,1.4,0.3,0.4
363,2016-17,23,TOT,NBA,SF,75,1228,13.9,0.537,0.442,0.294,6.2,16.9,11.4,8.8,1.7,1.6,11.7,20.9,0.6,1.3,1.9,0.074,-0.9,-0.4,-1.3,0.2
364,2016-17,23,DAL,NBA,SF,51,710,14.7,0.521,0.44,0.318,6.1,18.9,12.2,7.6,2.1,2.0,11.2,23.6,0.1,0.9,1.0,0.067,-1.0,0.0,-1.0,0.2
367,2018-19,25,ATL,NBA,SF,48,463,11.2,0.516,0.49,0.223,5.3,13.9,9.5,6.9,2.2,2.4,11.8,17.2,0.1,0.4,0.4,0.043,-2.4,-0.3,-2.7,-0.1
372,1991-92,21,NJN,NBA,PG,64,1086,12.8,0.43,0.027,0.204,3.6,9.0,6.2,26.5,3.0,0.5,15.6,22.9,-0.6,1.1,0.5,0.022,-1.7,-0.1,-1.8,0.1
373,1992-93,22,NJN,NBA,PG,55,2010,16.6,0.487,0.029,0.273,2.8,9.5,6.1,34.7,2.4,0.3,13.8,23.1,1.9,2.5,4.4,0.106,1.1,0.5,1.6,1.8
374,1993-94,23,NJN,NBA,PG,82,3135,18.2,0.491,0.096,0.306,2.9,8.0,5.4,40.6,2.5,0.3,14.5,24.6,4.3,3.2,7.5,0.114,2.5,-0.1,2.4,3.4
375,1994-95,24,NJN,NBA,PG,72,2689,18.0,0.522,0.285,0.402,3.0,7.2,5.1,43.1,2.0,0.4,15.6,23.5,4.8,2.0,6.8,0.122,3.0,-0.7,2.2,2.8
376,1995-96,25,TOT,NBA,PG,69,2344,19.5,0.534,0.307,0.405,3.0,7.1,5.0,40.4,2.5,0.5,12.9,21.4,6.1,1.6,7.7,0.158,4.1,0.2,4.3,3.7
379,1996-97,26,POR,NBA,PG,82,3081,19.5,0.54,0.322,0.383,3.6,10.2,7.0,31.7,2.8,0.4,12.7,22.2,8.0,4.4,12.4,0.193,3.2,1.2,4.4,5.0
380,1997-98,27,TOT,NBA,PG,61,1858,14.8,0.491,0.237,0.288,2.5,8.4,5.4,31.4,2.5,0.0,15.8,21.8,1.7,2.0,3.7,0.096,0.3,0.0,0.3,1.1
381,1997-98,27,POR,NBA,PG,45,1472,13.3,0.48,0.252,0.275,3.0,7.5,5.3,28.3,2.2,0.0,16.2,21.7,0.8,1.6,2.3,0.076,-0.2,0.0,-0.2,0.7
384,1999-00,29,BOS,NBA,PG,82,2593,17.4,0.524,0.223,0.257,2.3,7.9,4.9,26.7,2.7,0.2,10.6,20.5,5.4,1.9,7.3,0.136,1.7,0.1,1.8,2.5
386,2001-02,31,BOS,NBA,PG,76,2430,13.6,0.472,0.046,0.184,2.5,10.1,6.2,28.1,3.0,0.3,13.3,16.7,1.7,3.5,5.2,0.103,-2.3,1.9,-0.4,1.0
387,2002-03,32,TOT,NBA,PG,61,1135,13.6,0.457,0.018,0.149,3.2,10.6,6.8,29.8,2.8,0.3,15.6,19.7,0.4,1.3,1.6,0.069,-1.9,0.9,-1.0,0.3
390,2003-04,33,IND,NBA,PG,44,905,11.1,0.473,0.016,0.188,2.5,8.2,5.3,24.2,1.6,0.4,15.3,17.1,0.4,1.1,1.5,0.079,-2.3,0.6,-1.7,0.1
391,2004-05,34,TOT,NBA,PG,43,743,10.1,0.467,0.065,0.184,3.6,10.5,6.9,22.2,2.3,0.0,18.4,16.1,-0.1,0.3,0.2,0.011,-3.6,-0.4,-3.9,-0.4
395,2015-16,22,SAS,NBA,SF,78,1245,12.9,0.528,0.125,0.281,2.4,19.4,11.2,13.7,2.5,1.8,15.1,14.4,0.7,2.8,3.5,0.133,-1.7,3.1,1.4,1.1
396,2016-17,23,SAS,NBA,SF,72,1020,12.5,0.525,0.191,0.273,3.7,19.0,11.5,12.4,2.5,2.1,14.3,12.1,0.7,2.0,2.7,0.127,-1.4,3.2,1.8,1.0
397,2017-18,24,SAS,NBA,SF,74,1978,15.9,0.582,0.13,0.333,4.7,17.6,11.1,14.7,2.9,2.5,15.8,13.5,2.4,3.8,6.2,0.151,-0.4,3.3,2.9,2.4
398,2018-19,25,MEM,NBA,SF,43,1281,12.8,0.569,0.123,0.232,4.1,18.1,11.0,15.0,2.1,2.7,16.0,12.6,0.8,1.8,2.7,0.1,-1.6,2.4,0.8,0.9
399,2019-20,26,MEM,NBA,SF,67,1330,12.5,0.534,0.257,0.236,4.7,17.6,11.3,15.9,1.9,2.4,15.3,13.5,0.9,1.7,2.5,0.091,-1.5,2.0,0.5,0.9
400,2020-21,27,MEM,NBA,PF,69,1887,17.2,0.578,0.397,0.28,2.9,19.5,11.1,18.3,2.1,2.7,10.4,18.5,2.9,2.7,5.6,0.143,1.4,1.9,3.3,2.5
401,2021-22,28,MEM,NBA,PF,69,1484,14.4,0.506,0.232,0.224,4.8,21.6,13.0,16.2,2.5,2.7,12.1,16.2,1.0,2.5,3.5,0.113,-0.9,2.1,1.2,1.2
403,1989-90,22,ORL,NBA,SG,81,1785,14.9,0.536,0.023,0.351,6.1,12.7,9.3,10.5,1.8,1.0,13.7,22.1,1.2,0.7,1.8,0.049,0.0,-1.0,-1.0,0.5
404,1990-91,23,ORL,NBA,SG,70,1971,15.1,0.51,0.068,0.302,4.9,16.7,10.7,8.5,1.8,1.3,10.4,22.4,1.2,1.9,3.1,0.075,0.0,0.3,0.3,1.1
405,1991-92,24,ORL,NBA,SG,60,2203,16.4,0.509,0.082,0.291,4.8,14.9,9.7,12.4,2.2,0.9,9.7,24.5,1.6,2.0,3.6,0.078,1.1,0.0,1.2,1.8
406,1992-93,25,ORL,NBA,SG,79,2920,17.3,0.524,0.188,0.304,5.0,13.0,9.2,14.7,2.2,1.2,9.9,24.5,4.0,3.7,7.7,0.126,2.0,0.8,2.8,3.5
407,1993-94,26,ORL,NBA,SG,81,2811,16.9,0.549,0.298,0.237,4.6,14.3,9.5,15.7,2.4,0.7,12.4,20.2,4.6,3.0,7.6,0.129,2.0,0.6,2.5,3.2
408,1994-95,27,ORL,NBA,SG,76,2588,17.5,0.593,0.467,0.22,3.9,10.7,7.4,17.4,2.4,0.6,12.2,19.1,5.7,2.6,8.3,0.154,3.4,0.7,4.0,3.9
409,1995-96,28,ORL,NBA,SG,77,2717,16.5,0.562,0.476,0.265,4.0,13.5,8.9,15.6,2.3,1.2,12.3,19.1,4.2,3.3,7.4,0.131,2.3,0.6,2.9,3.4
410,1996-97,29,ORL,NBA,SG,63,2163,13.8,0.494,0.559,0.13,3.5,13.2,8.2,14.5,3.0,1.1,10.1,18.2,1.3,2.9,4.2,0.093,0.2,1.6,1.8,2.1
411,1997-98,30,ORL,NBA,SF,58,1701,19.6,0.529,0.284,0.264,6.6,14.1,10.3,14.1,2.3,1.0,9.2,25.0,3.1,2.1,5.3,0.149,4.0,0.7,4.8,2.9
412,1998-99,31,ORL,NBA,SF,47,1581,15.3,0.493,0.433,0.253,3.7,16.9,10.2,10.7,2.2,0.7,10.4,22.8,1.3,2.6,3.9,0.118,1.5,0.6,2.1,1.7
413,1999-00,32,SAC,NBA,SG,72,2094,11.8,0.479,0.508,0.097,4.1,12.8,8.4,8.6,2.2,0.5,10.4,18.1,0.3,2.5,2.8,0.064,-0.6,0.3,-0.3,0.9
416,2008-09,20,NJN,NBA,PF,66,1312,13.6,0.532,0.464,0.285,9.3,19.0,14.1,6.4,1.8,1.2,12.1,18.6,1.3,1.2,2.5,0.09,-0.3,-0.9,-1.1,0.3
417,2009-10,21,ORL,NBA,PF,63,911,18.1,0.574,0.544,0.211,9.2,16.2,12.8,7.1,1.4,1.1,11.7,24.4,1.7,1.4,3.1,0.161,2.6,-0.3,2.3,1.0
418,2010-11,22,ORL,NBA,PF,64,1424,19.0,0.591,0.65,0.223,10.8,18.1,14.5,6.2,1.1,2.1,7.8,20.4,4.0,2.5,6.4,0.216,4.2,0.4,4.6,2.4
419,2011-12,23,ORL,NBA,PF,61,1964,21.2,0.589,0.557,0.226,13.0,14.7,13.8,5.1,1.4,1.0,6.4,21.2,7.0,1.9,8.9,0.219,5.2,-1.1,4.0,3.0
420,2012-13,24,NOH,NBA,PF,81,2503,18.1,0.548,0.5,0.161,8.9,15.9,12.4,6.9,0.9,1.0,7.5,24.0,5.7,0.8,6.5,0.125,4.1,-2.1,2.0,2.5
422,2014-15,26,NOP,NBA,PF,61,1675,15.6,0.524,0.492,0.207,7.3,12.7,10.0,5.4,1.0,0.9,7.2,23.4,2.6,0.9,3.5,0.1,1.8,-2.1,-0.3,0.7
423,2015-16,27,NOP,NBA,PF,66,2008,17.2,0.546,0.385,0.245,7.0,15.2,10.9,6.1,0.9,1.0,8.0,24.7,3.1,0.8,3.9,0.092,2.2,-2.4,-0.2,0.9
424,2016-17,28,HOU,NBA,PF,72,2116,13.5,0.583,0.655,0.194,5.8,11.2,8.5,4.7,0.7,0.5,6.2,17.9,4.0,1.1,5.2,0.117,1.7,-2.0,-0.4,0.9
425,2017-18,29,HOU,NBA,PF,66,1725,12.6,0.592,0.706,0.194,6.2,15.4,10.8,5.1,0.7,1.0,7.5,14.4,3.1,1.7,4.8,0.132,0.9,-0.8,0.1,0.9
430,1996-97,23,UTA,NBA,SG,65,1066,10.4,0.534,0.148,0.311,6.5,14.0,10.5,7.1,1.4,0.6,16.8,18.9,0.1,1.2,1.2,0.056,-2.3,-1.4,-3.6,-0.4
431,1997-98,24,UTA,NBA,SG,82,1602,15.7,0.586,0.064,0.37,7.1,10.3,8.8,9.4,2.2,0.8,13.5,19.5,2.9,1.4,4.2,0.127,0.8,-0.1,0.7,1.1
432,1998-99,25,UTA,NBA,SG,50,1072,12.8,0.511,0.113,0.344,6.0,8.8,7.5,9.7,2.0,0.7,13.6,21.6,0.7,1.3,2.0,0.088,-1.0,-0.1,-1.2,0.3
433,1999-00,26,HOU,NBA,SF,82,2700,13.8,0.567,0.289,0.325,3.9,11.9,8.0,14.3,1.8,0.8,17.9,17.6,3.0,1.9,4.9,0.087,-0.3,-0.2,-0.5,1.1
434,2000-01,27,HOU,NBA,SG,82,2396,11.9,0.528,0.288,0.319,3.6,12.3,8.0,12.5,1.8,1.2,16.3,15.4,1.9,2.0,3.9,0.078,-1.1,0.7,-0.4,0.9
435,2001-02,28,NYK,NBA,SG,82,1596,8.0,0.489,0.378,0.287,4.1,13.9,9.0,7.7,1.6,0.7,18.8,15.1,-0.9,1.3,0.4,0.013,-3.0,0.3,-2.8,-0.3
436,2002-03,29,NYK,NBA,SF,82,1731,13.4,0.553,0.261,0.354,4.2,13.2,8.6,8.3,2.2,0.8,15.5,19.6,1.2,1.4,2.7,0.074,-0.6,0.2,-0.3,0.7
437,2003-04,30,NYK,NBA,SG,80,1974,10.1,0.5,0.227,0.285,3.1,9.7,6.5,10.2,1.8,0.7,15.7,17.7,0.2,1.5,1.7,0.042,-2.4,0.1,-2.4,-0.2
440,2004-05,31,MIA,NBA,SF,65,1151,9.2,0.522,0.13,0.307,4.2,14.6,9.6,8.8,1.8,0.9,16.7,11.9,0.5,1.6,2.2,0.09,-3.0,1.6,-1.4,0.2
441,2005-06,32,MIA,NBA,SF,48,638,6.2,0.47,0.151,0.143,3.5,11.1,7.5,6.9,1.4,0.7,15.2,11.4,-0.1,0.7,0.5,0.039,-4.1,0.4,-3.7,-0.3
445,1997-98,23,DAL,NBA,C,41,680,13.2,0.455,0.069,0.32,8.5,17.4,12.8,8.7,2.4,2.8,13.5,20.5,-0.2,0.9,0.6,0.044,-3.4,0.6,-2.8,-0.1
446,1998-99,24,DAL,NBA,C,41,470,9.2,0.418,0.05,0.345,8.3,14.9,11.6,9.3,2.1,2.0,14.0,18.2,-0.2,0.4,0.3,0.027,-4.7,0.3,-4.4,-0.3
447,1999-00,25,CHI,NBA,C,73,1007,15.1,0.512,0.016,0.404,10.3,22.5,16.3,13.2,1.5,1.8,15.7,23.1,0.6,1.3,1.9,0.09,-2.1,-0.1,-2.3,-0.1
448,2013-14,19,MIL,NBA,SF,77,1897,10.8,0.518,0.282,0.483,4.6,16.3,10.2,12.1,1.7,2.6,19.4,15.0,0.1,1.1,1.2,0.031,-2.4,-0.1,-2.5,-0.2
449,2014-15,20,MIL,NBA,SG,81,2541,14.8,0.552,0.056,0.445,4.5,19.7,12.2,13.1,1.5,2.8,15.6,19.6,2.2,4.0,6.2,0.117,-1.2,1.2,0.0,1.2
450,2015-16,21,MIL,NBA,PG,80,2823,18.8,0.566,0.108,0.404,4.6,20.0,12.4,20.0,1.7,3.4,14.8,22.3,4.2,2.9,7.1,0.121,1.3,0.7,2.1,2.9
451,2016-17,22,MIL,NBA,SF,80,2845,26.1,0.599,0.143,0.486,5.9,22.6,14.3,26.6,2.3,4.7,13.3,28.3,7.9,4.5,12.4,0.21,4.9,2.4,7.3,6.7
452,2017-18,23,MIL,NBA,PF,75,2756,27.3,0.598,0.1,0.457,6.7,25.3,16.0,23.7,2.0,3.3,11.7,31.2,8.3,3.6,11.9,0.207,5.3,0.9,6.2,5.7
453,2018-19,24,MIL,NBA,PF,72,2358,30.9,0.644,0.163,0.55,7.3,30.0,19.3,30.3,1.8,3.9,14.8,32.3,8.9,5.5,14.4,0.292,6.3,4.1,10.4,7.4
454,2019-20,25,MIL,NBA,PF,63,1917,31.9,0.613,0.237,0.508,7.7,34.8,22.1,34.2,1.5,3.0,13.2,37.5,6.1,5.0,11.1,0.279,7.4,4.1,11.5,6.6
455,2020-21,26,MIL,NBA,PF,61,2013,29.2,0.633,0.201,0.528,5.3,28.9,17.5,28.7,1.7,3.2,13.2,32.5,6.9,3.3,10.2,0.244,6.2,2.8,9.0,5.6
456,2021-22,27,MIL,NBA,PF,67,2204,32.1,0.633,0.194,0.615,6.6,30.4,18.7,31.7,1.6,4.0,12.2,34.9,9.2,3.7,12.9,0.281,7.6,3.5,11.2,7.4
463,2020-21,28,MIL,NBA,SF,57,551,10.3,0.523,0.212,0.358,10.7,12.9,11.8,10.3,1.9,1.6,21.3,15.3,0.0,0.6,0.7,0.057,-3.7,0.2,-3.5,-0.2
464,2021-22,29,MIL,NBA,SF,48,473,12.5,0.577,0.109,0.359,9.2,13.4,11.3,6.5,1.6,2.4,14.9,15.7,0.4,0.5,0.9,0.095,-3.5,-0.1,-3.5,-0.2
466,2003-04,19,DEN,NBA,SF,82,2995,17.6,0.509,0.146,0.358,6.8,12.1,9.4,13.8,1.7,1.0,12.7,28.5,3.7,2.4,6.1,0.098,1.6,-1.6,0.1,1.6
467,2004-05,20,DEN,NBA,SF,75,2608,16.7,0.526,0.128,0.466,6.3,12.5,9.4,13.1,1.3,0.9,13.1,29.2,2.3,2.6,4.9,0.09,0.4,-1.6,-1.2,0.5
468,2005-06,21,DEN,NBA,SF,80,2941,22.0,0.563,0.097,0.451,4.9,10.7,7.8,14.3,1.5,1.1,10.4,32.0,6.8,2.6,9.4,0.153,3.5,-0.9,2.7,3.5
469,2006-07,22,DEN,NBA,SF,65,2486,22.1,0.552,0.103,0.391,6.6,11.1,8.9,19.2,1.5,0.7,12.1,33.4,5.2,2.1,7.3,0.14,3.2,-1.3,1.9,2.5
470,2007-08,23,DEN,NBA,SF,77,2806,21.1,0.568,0.111,0.398,7.0,14.9,11.0,16.1,1.7,1.0,12.7,30.2,5.2,3.0,8.2,0.14,2.5,-0.9,1.6,2.5
471,2008-09,24,DEN,NBA,SF,66,2277,19.0,0.532,0.141,0.388,5.6,17.0,11.5,18.1,1.7,0.8,12.3,31.5,2.4,2.6,5.0,0.105,1.5,-1.0,0.5,1.5
472,2009-10,25,DEN,NBA,SF,69,2634,22.2,0.548,0.125,0.407,6.7,13.1,9.9,15.9,1.7,0.9,10.6,33.4,5.6,2.4,7.9,0.145,3.5,-1.2,2.3,2.9
473,2010-11,26,TOT,NBA,SF,77,2751,21.7,0.557,0.167,0.403,5.0,18.3,11.8,14.7,1.2,1.3,10.4,32.0,5.4,2.5,7.9,0.138,3.2,-1.2,1.9,2.7
474,2010-11,26,DEN,NBA,SF,50,1774,21.2,0.547,0.13,0.431,5.2,19.3,12.4,14.3,1.2,1.3,11.0,32.5,2.8,1.9,4.7,0.127,2.4,-1.0,1.4,1.5
476,2011-12,27,NYK,NBA,SF,55,1876,21.1,0.525,0.198,0.358,5.4,15.9,10.6,21.0,1.7,1.0,10.8,31.8,3.7,2.6,6.2,0.16,3.8,-0.2,3.6,2.7
477,2012-13,28,NYK,NBA,PF,67,2482,24.8,0.56,0.278,0.344,6.1,15.9,10.8,14.1,1.1,1.1,9.3,35.6,7.5,2.0,9.5,0.184,6.0,-1.7,4.3,3.9
478,2013-14,29,NYK,NBA,PF,77,2982,24.4,0.561,0.253,0.329,5.6,19.4,12.3,15.8,1.7,1.5,9.5,32.4,8.1,2.5,10.7,0.172,5.8,-0.8,5.0,5.3
479,2014-15,30,NYK,NBA,SF,40,1428,21.5,0.531,0.222,0.294,5.7,16.0,10.7,18.0,1.5,1.0,8.9,32.2,2.2,0.6,2.9,0.097,4.9,-1.9,3.0,1.8
480,2015-16,31,NYK,NBA,SF,72,2530,20.3,0.53,0.237,0.308,4.3,19.5,12.0,21.9,1.3,1.1,10.6,29.7,3.9,2.5,6.4,0.121,3.8,-0.5,3.3,3.4
481,2016-17,32,NYK,NBA,SF,74,2538,17.9,0.535,0.303,0.263,2.6,16.0,9.3,14.5,1.2,1.1,9.0,29.1,3.2,1.5,4.7,0.089,2.3,-1.6,0.7,1.7
482,2017-18,33,OKC,NBA,PF,78,2501,12.7,0.503,0.406,0.165,2.9,17.7,10.0,6.5,0.9,1.8,7.3,23.2,1.2,2.5,3.7,0.071,-0.6,-1.3,-1.9,0.0
484,2019-20,35,POR,NBA,PF,58,1902,12.4,0.525,0.289,0.206,3.9,16.1,10.1,6.4,1.2,1.2,10.5,21.2,0.4,0.9,1.3,0.033,-1.8,-1.8,-3.6,-0.8
485,2020-21,36,POR,NBA,PF,69,1690,14.6,0.547,0.418,0.198,2.0,11.8,6.8,9.2,1.3,2.0,6.7,23.1,1.7,0.8,2.6,0.073,0.2,-1.3,-1.1,0.4
486,2021-22,37,LAL,NBA,PF,69,1793,14.8,0.579,0.549,0.22,3.7,13.5,8.6,5.6,1.3,2.6,6.9,20.4,2.2,1.4,3.6,0.097,0.4,-0.8,-0.5,0.7
487,2020-21,20,ORL,NBA,PG,47,1273,12.1,0.496,0.312,0.237,3.0,15.4,9.0,24.2,1.1,1.3,14.8,24.3,-0.9,0.9,0.0,-0.001,-1.9,-1.4,-3.3,-0.4
488,2021-22,21,ORL,NBA,PG,65,2059,13.5,0.519,0.429,0.277,1.6,16.2,8.9,28.9,1.1,0.8,14.2,25.1,-0.1,1.7,1.6,0.038,-0.6,-0.6,-1.2,0.4
490,1991-92,24,NYK,NBA,PG,82,1510,10.6,0.443,0.126,0.363,2.5,7.7,5.2,28.6,2.0,0.4,16.3,17.4,0.2,2.0,2.2,0.07,-2.7,0.8,-1.9,0.0
491,1992-93,25,NYK,NBA,PG,70,1699,13.7,0.469,0.072,0.379,2.8,8.1,5.6,33.3,3.4,0.5,17.5,15.1,1.0,3.6,4.6,0.131,-0.6,3.3,2.7,2.0
492,1993-94,26,NYK,NBA,PG,80,1994,13.0,0.487,0.28,0.294,2.5,8.1,5.4,27.3,3.0,0.5,16.5,17.0,1.6,3.9,5.5,0.132,-0.8,2.4,1.6,1.8
493,1994-95,27,NYK,NBA,PG,61,943,15.0,0.57,0.529,0.259,0.9,6.8,4.0,27.4,2.8,0.6,14.9,18.6,1.5,1.4,2.9,0.147,0.9,1.7,2.5,1.1
494,1995-96,28,VAN,NBA,PG,69,2096,18.6,0.53,0.347,0.38,1.6,8.4,4.9,41.9,2.9,0.4,14.9,23.3,2.9,1.9,4.8,0.111,2.6,0.4,2.9,2.6
495,1996-97,29,VAN,NBA,PG,65,1863,16.6,0.526,0.469,0.351,1.5,10.0,5.7,36.1,3.8,0.2,18.1,17.8,2.3,1.2,3.5,0.09,0.9,0.5,1.5,1.6
496,1997-98,30,SEA,NBA,PG,80,1021,16.8,0.545,0.456,0.229,2.1,10.7,6.5,32.1,3.4,0.2,19.1,21.6,1.4,1.3,2.7,0.127,1.8,0.8,2.5,1.2
497,1998-99,31,POR,NBA,PG,50,806,16.6,0.55,0.498,0.355,2.1,6.8,4.5,21.1,4.4,0.3,15.9,19.6,1.3,1.5,2.8,0.165,0.9,3.1,4.1,1.2
498,1999-00,32,POR,NBA,PG,82,1548,13.0,0.551,0.56,0.274,1.4,8.4,5.1,20.5,2.0,0.4,15.4,16.4,2.3,1.8,4.1,0.128,0.4,0.8,1.2,1.2
499,2000-01,33,POR,NBA,PG,58,856,12.0,0.525,0.628,0.138,3.0,5.4,4.3,14.8,2.5,0.3,13.8,16.9,0.9,0.7,1.6,0.09,0.0,0.1,0.1,0.5
500,2001-02,34,TOT,NBA,PG,60,1514,12.6,0.46,0.343,0.192,1.7,8.5,5.1,30.8,2.7,0.2,15.4,18.6,0.2,0.9,1.1,0.036,-1.4,-0.4,-1.9,0.1
504,2008-09,26,MIA,NBA,C,65,1048,9.3,0.521,0.0,0.39,10.1,12.4,11.2,3.7,1.0,7.2,22.9,8.0,0.4,1.4,1.7,0.079,-4.5,1.8,-2.7,-0.2
505,2009-10,27,MIA,NBA,C,80,1322,10.2,0.546,0.0,0.579,11.0,11.1,11.1,1.3,0.8,6.7,18.4,8.7,1.0,2.0,3.1,0.111,-3.4,1.7,-1.7,0.1
506,2010-11,28,MIA,NBA,C,75,1463,7.3,0.583,0.0,0.737,9.0,12.4,10.8,2.2,0.4,5.0,21.5,5.3,1.2,2.1,3.3,0.107,-3.2,1.6,-1.6,0.2
507,2011-12,29,MIA,NBA,C,64,1349,10.3,0.598,0.0,0.467,9.2,12.8,11.1,1.0,1.4,5.1,19.7,7.8,1.2,2.2,3.4,0.122,-2.0,1.6,-0.5,0.5
508,2012-13,30,MIA,NBA,C,62,566,10.4,0.542,0.0,0.412,10.4,14.4,12.5,3.1,1.2,6.1,21.5,8.6,0.4,0.8,1.2,0.1,-2.3,0.9,-1.3,0.1
512,2014-15,32,DET,NBA,C,49,406,14.7,0.607,0.0,0.355,8.2,17.0,12.4,1.8,1.5,9.5,14.3,9.1,0.5,0.7,1.2,0.142,-2.9,3.1,0.2,0.2
515,2013-14,31,ATL,NBA,C,50,925,11.7,0.545,0.582,0.224,7.2,18.9,13.1,9.8,1.0,1.0,14.5,18.6,0.5,0.9,1.4,0.075,-1.6,-0.7,-2.3,-0.1
516,2014-15,32,ATL,NBA,C,63,1037,9.5,0.508,0.584,0.416,6.6,14.0,10.4,6.9,0.9,1.1,12.3,17.6,0.5,1.0,1.5,0.07,-3.0,-1.2,-4.1,-0.6
517,2017-18,20,TOR,NBA,SF,74,1481,10.0,0.587,0.569,0.179,3.4,10.4,7.0,5.0,1.7,0.8,10.8,12.4,1.4,1.6,3.0,0.098,-1.2,0.6,-0.6,0.5
518,2018-19,21,TOR,NBA,SF,67,1352,9.8,0.544,0.5,0.153,4.8,10.8,7.9,4.7,1.6,1.3,11.3,15.5,0.3,1.7,2.0,0.07,-2.4,0.1,-2.4,-0.1
519,2019-20,22,TOR,NBA,SF,69,2066,13.2,0.6,0.403,0.18,4.2,14.2,9.3,7.5,2.2,2.1,11.5,14.3,2.1,3.7,5.7,0.134,-0.8,2.0,1.2,1.7
520,2020-21,23,TOR,NBA,SF,43,1433,15.4,0.605,0.503,0.197,4.0,14.6,9.1,10.1,2.2,2.2,11.7,19.3,1.5,1.6,3.1,0.104,0.8,0.4,1.2,1.2
521,2021-22,24,TOR,NBA,SF,48,1728,14.8,0.549,0.455,0.169,4.4,12.6,8.3,11.0,2.1,1.4,9.7,20.5,1.8,1.9,3.7,0.104,0.4,0.1,0.5,1.1
524,2004-05,24,TOR,NBA,C,59,736,7.1,0.492,0.017,0.314,8.9,19.7,14.2,3.4,1.5,0.8,20.7,15.6,-0.4,0.7,0.3,0.016,-6.5,-0.8,-7.4,-1.0
525,2005-06,25,TOR,NBA,C,52,601,4.5,0.385,0.007,0.193,8.4,21.5,14.6,3.7,2.1,0.8,21.1,15.3,-1.2,0.4,-0.8,-0.066,-6.7,-1.0,-7.7,-0.9
533,2018-19,24,CHI,NBA,PG,81,1961,11.6,0.588,0.519,0.244,1.5,10.8,6.1,18.9,1.6,0.2,12.0,11.7,2.8,0.9,3.7,0.09,-2.0,0.1,-1.9,0.1
534,2019-20,25,CHI,NBA,PG,58,930,9.0,0.551,0.627,0.173,2.3,11.2,6.5,14.3,1.4,0.3,13.5,12.5,0.7,0.7,1.4,0.071,-2.7,-0.1,-2.8,-0.2
535,2020-21,26,CHI,NBA,PG,44,450,9.8,0.541,0.573,0.171,1.2,15.1,8.3,16.3,1.0,0.0,7.4,13.1,0.5,0.4,0.9,0.093,-2.6,0.3,-2.3,0.0
538,2001-02,20,GSW,NBA,PG,47,1155,17.0,0.562,0.294,0.417,3.7,8.7,6.1,24.8,3.0,0.6,17.6,20.1,2.1,0.7,2.7,0.114,1.0,0.0,1.0,0.9
539,2002-03,21,GSW,NBA,PG,82,2866,18.6,0.54,0.265,0.397,3.6,10.6,7.2,30.0,2.2,0.4,17.3,24.9,5.8,0.7,6.5,0.109,2.6,-1.3,1.3,2.4
540,2003-04,22,WAS,NBA,PG,55,2066,16.0,0.512,0.364,0.347,2.9,11.1,6.9,25.5,2.6,0.4,17.7,27.4,1.1,1.5,2.6,0.061,1.1,-1.0,0.1,1.1
541,2004-05,23,WAS,NBA,PG,80,3274,21.3,0.565,0.369,0.42,2.8,10.5,6.5,22.9,2.2,0.5,11.8,27.3,9.2,2.3,11.5,0.169,4.7,-0.4,4.2,5.2
542,2005-06,24,WAS,NBA,PG,80,3384,23.8,0.581,0.324,0.479,2.0,7.8,4.8,27.0,2.5,0.6,12.8,30.5,11.0,2.6,13.6,0.193,5.4,0.0,5.4,6.3
543,2006-07,25,WAS,NBA,PG,74,2942,24.0,0.565,0.377,0.464,2.3,11.1,6.6,27.2,2.4,0.3,11.2,31.4,9.3,1.5,10.8,0.177,5.5,-0.8,4.7,5.0
547,2010-11,29,TOT,NBA,PG,70,1796,10.8,0.471,0.446,0.208,1.4,10.7,6.1,25.3,2.1,0.9,18.1,24.7,-1.6,2.2,0.5,0.014,-2.2,-0.3,-2.4,-0.2
549,2010-11,29,ORL,NBA,PG,49,1070,8.6,0.444,0.45,0.213,1.8,11.0,6.5,23.8,2.2,0.7,19.3,23.7,-1.6,1.7,0.2,0.007,-3.9,0.3,-3.6,-0.4
551,2004-05,19,NYK,NBA,SF,80,1382,13.3,0.503,0.033,0.447,7.5,13.1,10.3,9.8,2.7,1.0,13.6,17.8,0.8,1.3,2.1,0.073,-1.2,0.6,-0.6,0.5
552,2005-06,20,TOT,NBA,SF,57,999,11.8,0.468,0.022,0.562,9.6,17.1,13.3,9.8,3.0,0.9,18.0,15.8,-0.1,1.0,0.9,0.043,-1.8,1.1,-0.7,0.3
555,2006-07,21,ORL,NBA,SG,57,1278,16.2,0.567,0.019,0.461,9.7,14.2,12.0,8.9,2.5,1.2,15.8,19.2,1.5,1.9,3.4,0.128,0.4,1.3,1.6,1.2
559,2008-09,23,LAL,NBA,SF,82,1999,15.5,0.544,0.32,0.284,6.4,13.4,10.0,10.4,3.5,0.9,11.5,16.6,2.5,3.5,6.1,0.146,0.2,2.2,2.4,2.3
560,2009-10,24,HOU,NBA,SF,72,2629,13.3,0.488,0.407,0.228,3.3,14.7,8.8,16.7,2.4,1.1,12.8,21.2,0.1,3.1,3.2,0.058,-0.4,0.9,0.5,1.7
561,2010-11,25,NOH,NBA,SF,75,2600,11.3,0.487,0.356,0.259,2.8,16.4,9.5,10.0,2.5,1.0,12.2,17.7,-0.4,3.8,3.4,0.062,-1.7,1.3,-0.4,1.0
562,2011-12,26,NOH,NBA,SF,41,1350,14.2,0.496,0.216,0.253,3.7,15.1,9.5,16.8,2.8,1.5,14.5,18.4,0.5,1.7,2.2,0.078,-0.4,1.7,1.3,1.1
563,2012-13,27,WAS,NBA,SF,56,1471,14.0,0.538,0.463,0.211,3.3,16.9,10.0,12.7,2.5,1.1,14.6,17.9,0.7,2.4,3.1,0.102,0.1,2.0,2.1,1.6
564,2013-14,28,WAS,NBA,SF,77,2723,15.8,0.59,0.518,0.226,4.1,16.3,10.1,10.8,2.4,0.6,12.3,17.8,4.3,3.7,8.0,0.141,1.3,1.0,2.3,3.0
565,2014-15,29,HOU,NBA,SF,82,2930,12.7,0.539,0.61,0.157,2.9,14.4,8.6,11.1,2.6,0.5,12.7,16.5,2.7,3.9,6.6,0.108,-0.1,1.1,1.0,2.2
566,2015-16,30,HOU,NBA,SF,81,2859,12.9,0.551,0.581,0.187,2.6,11.6,7.1,10.0,2.8,0.8,10.8,15.7,3.1,2.3,5.4,0.09,0.1,0.3,0.4,1.7
567,2016-17,31,HOU,NBA,SF,80,2773,12.3,0.548,0.695,0.158,2.1,15.9,9.0,8.8,2.5,0.6,7.9,14.1,2.8,3.2,6.0,0.104,-0.1,1.1,1.0,2.1
568,2017-18,32,HOU,NBA,SF,67,2269,11.8,0.567,0.71,0.137,1.7,12.9,7.3,6.8,2.1,0.5,7.0,14.4,2.6,2.8,5.3,0.113,0.0,0.7,0.7,1.5
569,2018-19,33,TOT,NBA,SF,69,2349,12.1,0.534,0.59,0.223,2.3,15.2,8.6,14.8,1.8,0.7,11.6,16.6,1.3,1.2,2.5,0.052,-0.7,-0.6,-1.3,0.4
571,2018-19,33,WAS,NBA,SF,43,1465,13.0,0.538,0.58,0.238,2.5,14.5,8.4,15.5,1.7,0.7,10.6,18.2,1.1,0.8,1.9,0.062,-0.5,-0.9,-1.4,0.2
572,2019-20,34,TOT,NBA,SF,53,1493,11.0,0.593,0.639,0.228,2.5,15.7,9.0,8.0,2.2,0.9,13.6,11.8,1.3,1.2,2.5,0.081,-1.4,0.9,-0.5,0.6
577,1989-90,22,CHI,NBA,PG,81,1291,11.9,0.53,0.015,0.199,1.7,7.6,4.7,20.7,1.8,0.3,16.3,16.9,1.0,0.8,1.7,0.064,-1.7,-1.1,-2.8,-0.3
578,1990-91,23,CHI,NBA,PG,82,1731,14.8,0.529,0.047,0.176,1.7,8.3,5.1,23.4,2.0,0.1,13.6,19.5,2.3,1.8,4.1,0.114,-0.2,-0.3,-0.5,0.7
579,1991-92,24,CHI,NBA,PG,82,1875,14.1,0.537,0.125,0.185,1.2,7.6,4.5,19.2,1.2,0.2,11.1,19.5,2.7,1.8,4.6,0.117,0.2,-0.8,-0.6,0.7
580,1992-93,25,CHI,NBA,PG,82,2492,14.7,0.57,0.17,0.185,1.2,5.8,3.4,18.6,1.4,0.2,8.6,16.8,5.7,1.7,7.5,0.144,0.8,-0.6,0.2,1.4
581,1993-94,26,CHI,NBA,PG,82,2770,14.5,0.547,0.134,0.225,1.2,6.0,3.6,18.0,1.5,0.2,10.6,19.8,4.9,2.6,7.5,0.13,0.3,-0.4,-0.1,1.3
582,1994-95,27,CHI,NBA,PG,82,2577,15.1,0.577,0.283,0.261,1.1,7.4,4.3,14.7,1.7,0.2,9.4,19.0,5.4,2.8,8.1,0.152,1.0,-0.1,1.0,1.9
583,1995-96,28,GSW,NBA,PG,82,2262,17.3,0.595,0.285,0.384,1.1,8.3,4.7,28.4,1.5,0.2,13.1,18.8,6.2,0.8,7.0,0.149,2.7,-0.8,1.8,2.2
584,1996-97,29,GSW,NBA,PG,49,1020,12.9,0.538,0.275,0.242,0.8,7.8,4.3,20.3,1.3,0.2,12.8,18.1,1.4,-0.1,1.3,0.061,-0.5,-1.8,-2.3,-0.1
585,1997-98,30,TOT,NBA,PG,66,831,14.6,0.555,0.164,0.235,2.3,8.6,5.5,29.0,1.9,0.0,15.2,15.3,1.6,0.6,2.2,0.124,0.0,0.1,0.1,0.4
587,1997-98,30,CHH,NBA,PG,62,772,15.2,0.573,0.175,0.222,1.9,8.8,5.4,30.0,1.7,0.0,14.1,14.9,1.8,0.5,2.3,0.141,0.5,0.1,0.6,0.5
594,2003-04,23,NJN,NBA,SG,56,434,5.5,0.427,0.297,0.023,3.3,8.4,5.8,5.7,1.5,0.4,12.0,21.7,-0.8,0.5,-0.3,-0.03,-5.5,-2.0,-7.5,-0.6
597,1996-97,28,ORL,NBA,PG,67,1010,14.7,0.525,0.525,0.307,4.0,4.9,4.4,29.7,3.3,0.7,20.2,22.4,0.7,1.1,1.8,0.085,0.5,0.7,1.1,0.8
598,1997-98,29,ORL,NBA,PG,48,1236,15.7,0.509,0.179,0.324,6.1,9.2,7.6,33.4,2.6,0.3,20.5,20.2,1.2,1.3,2.5,0.096,1.0,0.2,1.1,1.0
599,1998-99,30,ORL,NBA,PG,50,1502,22.2,0.575,0.362,0.341,4.0,10.0,7.0,40.8,3.9,0.2,20.8,22.9,3.8,2.7,6.4,0.205,4.2,2.4,6.7,3.3
600,1999-00,31,ORL,NBA,PG,82,2590,19.5,0.542,0.36,0.221,2.7,8.6,5.7,31.4,3.2,0.2,16.8,23.9,4.6,3.4,8.0,0.149,3.6,0.9,4.5,4.3
601,2000-01,32,ORL,NBA,PG,75,2767,18.6,0.535,0.402,0.249,3.7,10.2,6.9,31.3,2.5,0.3,15.2,21.0,5.8,2.9,8.7,0.151,3.2,0.1,3.3,3.6
602,2001-02,33,ORL,NBA,PG,82,2730,16.7,0.553,0.481,0.248,3.4,9.7,6.5,25.5,3.0,0.3,16.0,17.9,5.0,2.6,7.6,0.134,1.6,0.8,2.4,3.0
603,2002-03,34,ORL,NBA,PG,82,2350,14.6,0.53,0.361,0.292,4.3,10.2,7.2,21.7,3.0,0.4,18.1,16.9,2.7,2.2,4.9,0.1,0.2,0.7,0.9,1.7
604,2003-04,35,NOH,NBA,PG,79,2247,15.6,0.525,0.583,0.196,3.1,8.5,5.7,24.3,3.2,0.5,16.2,19.4,2.8,2.5,5.3,0.114,1.3,1.1,2.4,2.5
605,2004-05,36,TOT,NBA,PG,66,988,11.0,0.43,0.401,0.245,4.0,9.3,6.7,27.9,2.4,0.6,17.9,17.3,-0.2,1.0,0.8,0.039,-1.6,0.6,-1.0,0.2
607,2004-05,36,DAL,NBA,PG,52,576,10.9,0.44,0.347,0.398,3.8,9.1,6.5,27.5,2.7,0.8,21.9,13.8,0.1,0.7,0.8,0.069,-1.9,1.1,-0.8,0.2
608,2005-06,37,DAL,NBA,PG,62,622,7.3,0.444,0.375,0.328,3.6,12.0,7.8,20.6,2.4,0.4,28.4,15.4,-0.7,0.7,0.0,0.003,-4.2,0.2,-4.0,-0.3
609,2006-07,38,IND,NBA,PG,81,1275,15.1,0.547,0.568,0.247,3.0,9.3,6.1,24.8,2.9,0.4,15.4,17.4,1.7,1.5,3.2,0.121,0.6,1.2,1.8,1.2
610,2007-08,39,NJN,NBA,PG,50,549,8.7,0.499,0.627,0.273,3.6,10.6,7.1,20.5,2.7,0.3,25.0,13.7,-0.2,0.5,0.3,0.024,-3.5,0.8,-2.7,-0.1
611,2006-07,22,NOK,NBA,C,56,634,12.2,0.57,0.0,0.536,10.3,17.0,13.6,2.5,1.0,3.3,18.5,13.6,0.5,0.7,1.2,0.091,-2.9,0.3,-2.6,-0.1
612,2007-08,23,NOH,NBA,C,65,732,7.7,0.498,0.0,0.473,10.1,16.0,13.0,4.4,1.1,3.6,24.8,15.1,-0.5,1.0,0.5,0.032,-6.3,0.5,-5.8,-0.7
613,2008-09,24,NOH,NBA,C,70,1092,10.7,0.585,0.008,0.398,9.0,12.6,10.8,4.4,1.3,3.5,21.7,16.3,0.2,1.3,1.5,0.068,-4.2,0.4,-3.8,-0.5
618,2010-11,26,TOT,NBA,C,53,488,8.8,0.508,0.053,0.434,9.5,21.6,15.4,4.2,1.9,3.3,23.6,10.9,-0.1,0.6,0.5,0.045,-4.7,1.0,-3.7,-0.2
619,2010-11,26,WAS,NBA,C,41,412,8.6,0.519,0.047,0.359,10.4,21.5,15.8,3.5,1.9,3.0,25.2,10.6,-0.1,0.4,0.4,0.043,-5.0,0.9,-4.2,-0.2
625,2002-03,23,UTA,NBA,PG,44,287,14.1,0.51,0.064,0.202,4.8,6.1,5.5,33.1,2.2,0.3,20.2,23.8,0.1,0.2,0.3,0.057,-0.1,-1.0,-1.0,0.1
626,2003-04,24,UTA,NBA,PG,71,2008,16.8,0.517,0.152,0.293,2.5,9.0,5.7,34.6,1.7,0.2,15.2,23.7,3.5,1.2,4.7,0.112,2.0,-1.1,0.9,1.5
627,2004-05,25,TOT,NBA,PG,70,1448,11.3,0.466,0.07,0.347,2.1,6.5,4.3,32.3,1.7,0.2,17.8,19.3,0.3,1.0,1.3,0.043,-2.1,-0.8,-2.9,-0.3
629,2004-05,25,DET,NBA,PG,40,706,10.7,0.458,0.061,0.437,2.5,7.1,4.8,29.7,1.9,0.1,18.1,19.1,0.0,0.9,0.9,0.06,-3.7,0.3,-3.4,-0.2
631,2005-06,26,DET,NBA,PG,50,600,12.5,0.433,0.038,0.369,4.7,9.2,6.9,39.3,1.8,0.4,19.8,18.0,0.3,0.7,1.0,0.079,-2.1,-0.1,-2.2,0.0
633,2006-07,27,ORL,NBA,PG,72,1304,14.4,0.501,0.107,0.347,3.0,9.5,6.3,27.1,1.6,0.1,14.0,22.8,1.2,1.3,2.5,0.094,-0.4,-0.4,-0.8,0.4
634,2007-08,28,ORL,NBA,PG,62,1269,12.8,0.547,0.241,0.293,0.9,9.0,5.1,26.6,1.1,0.1,16.4,17.0,1.7,1.1,2.8,0.107,-0.5,-0.4,-0.9,0.3
635,2009-10,30,MIA,NBA,PG,72,1585,12.3,0.529,0.067,0.24,1.9,7.7,4.8,22.2,1.2,0.3,11.5,13.9,2.2,1.5,3.7,0.113,-1.5,0.1,-1.5,0.2
636,2010-11,31,TOT,NBA,PG,64,1185,9.0,0.528,0.253,0.172,2.2,7.9,5.2,15.8,0.9,0.1,17.0,14.0,0.5,1.1,1.7,0.068,-2.1,-0.2,-2.3,-0.1
637,2010-11,31,MIA,NBA,PG,49,995,9.5,0.541,0.269,0.147,1.6,7.5,4.8,15.3,0.7,0.1,14.5,13.9,0.8,0.9,1.6,0.078,-1.7,-0.5,-2.2,0.0
639,2008-09,20,MEM,NBA,PF,76,1464,11.3,0.456,0.005,0.138,8.9,20.3,14.5,5.0,1.9,2.9,9.2,16.3,-0.1,1.8,1.7,0.055,-3.5,0.1,-3.4,-0.5
641,2010-11,22,MEM,NBA,PF,80,1609,15.7,0.534,0.01,0.215,8.5,17.0,12.7,5.4,1.7,3.2,11.4,21.6,1.5,2.2,3.8,0.113,-1.8,0.2,-1.6,0.2
642,2012-13,24,MEM,NBA,PF,59,970,11.8,0.477,0.05,0.128,8.1,12.5,10.3,5.9,1.3,2.8,10.2,20.1,0.2,1.5,1.7,0.084,-2.8,0.4,-2.4,-0.1
643,2013-14,25,DEN,NBA,SF,68,1161,9.4,0.459,0.156,0.151,4.8,14.7,9.8,8.0,1.6,3.0,11.7,18.1,-0.5,1.2,0.7,0.029,-4.0,0.8,-3.2,-0.4
644,2014-15,26,DEN,NBA,PF,58,988,11.5,0.466,0.286,0.154,5.6,13.4,9.3,9.3,2.4,2.1,10.3,20.0,-0.1,0.9,0.9,0.042,-2.4,0.7,-1.7,0.1
645,2015-16,27,DEN,NBA,PF,70,1516,12.5,0.514,0.239,0.108,6.2,15.4,10.7,10.0,1.8,2.6,11.4,16.7,1.0,1.3,2.3,0.072,-1.3,0.5,-0.8,0.4
646,2016-17,28,DEN,NBA,PF,41,639,12.8,0.583,0.544,0.102,4.4,14.9,9.7,9.3,1.5,2.5,13.8,17.3,0.6,0.4,1.1,0.081,0.1,-0.2,-0.1,0.3
650,1999-00,25,ORL,NBA,PG,82,1626,14.4,0.489,0.22,0.179,1.3,7.1,4.2,30.9,1.6,0.1,15.1,24.3,1.1,1.3,2.4,0.072,0.6,-1.4,-0.8,0.5
651,2000-01,26,DET,NBA,PG,81,2363,12.2,0.481,0.356,0.137,1.2,6.7,3.9,24.3,1.4,0.1,12.9,21.2,1.2,1.6,2.8,0.057,-0.6,-1.0,-1.6,0.3
652,2001-02,27,DET,NBA,PG,79,2285,14.5,0.568,0.425,0.152,1.6,6.5,4.1,20.5,1.7,0.3,13.2,20.0,3.3,1.8,5.1,0.107,0.9,-0.6,0.2,1.3
653,2002-03,28,DET,NBA,PG,65,1398,10.1,0.475,0.52,0.105,1.8,6.5,4.1,22.4,1.1,0.2,13.7,19.4,0.3,1.2,1.5,0.053,-1.1,-1.1,-2.2,-0.1
654,2003-04,29,TOT,NBA,PG,64,1544,12.1,0.511,0.498,0.2,0.7,6.2,3.5,24.7,1.5,0.1,14.9,18.5,1.5,1.3,2.7,0.085,-0.3,-0.9,-1.1,0.3
655,2003-04,29,DET,NBA,PG,40,751,10.1,0.49,0.553,0.183,0.9,6.4,3.7,21.9,1.4,0.1,15.9,18.8,0.3,1.0,1.2,0.079,-1.3,-0.3,-1.6,0.1
657,2004-05,30,LAL,NBA,PG,82,2903,13.4,0.558,0.5,0.223,1.2,6.4,3.8,20.6,1.3,0.1,13.1,17.9,4.7,-0.2,4.5,0.074,0.6,-1.7,-1.1,0.6
660,2005-06,31,MEM,NBA,PG,43,1161,14.1,0.537,0.456,0.331,1.2,6.6,3.9,20.1,1.4,0.1,11.1,21.5,1.7,1.2,2.9,0.121,0.1,-0.8,-0.6,0.4
661,2006-07,32,MEM,NBA,PG,75,2064,17.4,0.58,0.428,0.435,1.0,7.0,4.0,27.9,1.2,0.1,13.0,21.4,5.1,-0.2,4.9,0.114,2.9,-2.5,0.4,1.2
666,2009-10,35,DET,NBA,PG,40,644,8.3,0.477,0.465,0.172,0.9,4.8,2.7,21.6,1.4,0.0,15.9,14.4,0.2,0.1,0.2,0.017,-2.9,-1.4,-4.3,-0.4
667,1991-92,23,ATL,NBA,SG,82,2505,14.4,0.526,0.007,0.356,7.9,9.9,8.9,11.4,2.4,0.6,14.8,20.1,1.5,2.2,3.7,0.071,-0.5,-0.1,-0.6,0.8
668,1992-93,24,ATL,NBA,SG,73,2112,15.2,0.551,0.005,0.388,7.2,8.0,7.6,12.1,2.1,0.5,14.5,21.2,2.5,1.2,3.7,0.084,0.2,-0.6,-0.4,0.8
669,1993-94,25,ATL,NBA,SG,82,2605,17.9,0.576,0.008,0.506,7.5,9.2,8.3,11.0,2.9,1.1,12.3,19.8,5.7,4.0,9.7,0.179,1.3,1.4,2.7,3.1
670,1994-95,26,ATL,NBA,SG,76,2362,16.0,0.512,0.03,0.395,7.6,10.7,9.1,14.3,2.3,1.5,12.9,22.7,1.9,3.2,5.1,0.103,0.1,0.6,0.7,1.6
671,1995-96,27,ATL,NBA,SF,77,2294,15.9,0.556,0.005,0.43,6.8,9.0,7.8,10.0,2.5,1.0,13.6,19.9,3.5,2.1,5.6,0.117,0.1,0.3,0.4,1.4
672,1996-97,28,TOT,NBA,SG,60,942,11.3,0.531,0.0,0.441,6.2,11.4,8.8,9.4,2.4,1.5,19.6,16.2,0.2,1.3,1.5,0.076,-2.6,1.5,-1.1,0.2
674,1996-97,28,POR,NBA,SG,40,650,12.1,0.564,0.0,0.392,6.2,9.9,8.1,9.8,2.6,0.8,18.1,14.2,0.6,0.9,1.5,0.109,-1.8,1.6,-0.2,0.3
675,1997-98,29,POR,NBA,SG,71,1445,10.3,0.457,0.019,0.419,8.7,10.2,9.5,9.8,2.1,1.6,15.5,16.3,-0.1,1.9,1.8,0.059,-2.5,0.9,-1.6,0.2
676,1998-99,30,POR,NBA,SF,48,874,13.0,0.501,0.011,0.437,6.4,9.9,8.3,10.6,3.5,1.5,12.6,12.4,1.0,1.6,2.6,0.142,-1.0,3.7,2.7,1.0
677,1999-00,31,POR,NBA,SG,59,692,12.2,0.51,0.011,0.314,7.5,12.0,9.9,11.9,2.1,1.2,16.0,15.8,0.5,1.0,1.5,0.102,-1.5,1.0,-0.5,0.3
678,2000-01,32,POR,NBA,SG,66,1182,12.3,0.511,0.015,0.327,6.3,9.7,8.0,12.7,2.2,1.3,13.6,13.9,1.3,1.2,2.5,0.102,-1.1,1.3,0.2,0.7
679,2001-02,33,CHH,NBA,SG,77,1319,11.5,0.479,0.009,0.308,5.1,14.3,9.7,12.5,2.3,0.7,12.7,14.8,0.7,1.6,2.3,0.084,-2.3,1.2,-1.0,0.3
680,2002-03,34,NOH,NBA,SG,70,862,9.3,0.474,0.036,0.375,3.5,12.7,8.0,12.5,1.7,0.8,15.2,13.9,0.2,1.0,1.2,0.067,-3.2,0.8,-2.4,-0.1
681,2003-04,35,NOH,NBA,SF,69,1416,10.0,0.486,0.02,0.401,4.1,10.1,7.0,10.0,2.1,0.8,15.7,15.6,0.4,1.3,1.6,0.056,-3.1,0.3,-2.8,-0.3
682,2004-05,36,ORL,NBA,SF,55,663,9.8,0.48,0.0,0.461,7.7,9.0,8.4,8.1,1.8,0.9,13.4,15.3,0.3,0.4,0.7,0.053,-2.9,-0.4,-3.3,-0.2
684,2008-09,21,CHA,NBA,PG,72,1908,14.9,0.587,0.396,0.375,1.1,7.5,4.3,22.6,1.2,0.1,14.1,20.8,3.6,1.5,5.1,0.128,1.4,-0.5,0.9,1.4
685,2009-10,22,CHA,NBA,PG,80,1472,11.2,0.516,0.409,0.301,0.9,6.9,4.0,21.7,1.6,0.3,13.1,17.9,1.1,1.7,2.8,0.092,-1.5,0.3,-1.1,0.3
686,2010-11,23,CHA,NBA,PG,82,2757,15.9,0.541,0.348,0.31,1.7,8.3,4.9,31.1,1.0,0.1,12.5,21.2,4.9,1.3,6.2,0.108,1.7,-1.6,0.1,1.5
687,2011-12,24,CHA,NBA,PG,48,1408,14.1,0.493,0.368,0.246,1.9,7.2,4.4,38.9,1.3,0.1,16.9,21.3,0.7,-0.2,0.5,0.018,0.7,-3.2,-2.5,-0.2
688,2012-13,25,IND,NBA,PG,76,1226,11.0,0.527,0.646,0.337,1.9,6.3,4.1,21.6,1.5,0.2,16.8,15.1,1.4,1.5,2.8,0.112,-0.7,0.1,-0.6,0.5
689,2013-14,26,TOT,NBA,PG,71,1939,16.2,0.569,0.462,0.316,0.9,6.7,3.8,28.9,1.5,0.1,13.3,22.4,3.8,2.4,6.2,0.154,1.9,-0.4,1.4,1.7
691,2013-14,26,CHI,NBA,PG,61,1857,16.8,0.574,0.463,0.318,0.9,6.7,3.9,29.3,1.5,0.1,12.8,22.5,4.0,2.4,6.4,0.166,2.2,-0.3,1.9,1.8
692,2014-15,27,TOT,NBA,PG,82,1964,13.9,0.527,0.38,0.317,1.1,7.9,4.4,28.2,1.3,0.1,16.4,19.8,2.5,0.9,3.4,0.083,0.4,-1.6,-1.2,0.4
693,2014-15,27,DET,NBA,PG,54,1287,15.8,0.536,0.325,0.367,1.1,7.6,4.2,33.2,1.3,0.1,17.0,22.2,2.0,0.6,2.5,0.094,1.2,-1.7,-0.5,0.5
695,2015-16,28,TOT,NBA,PG,62,1178,13.9,0.575,0.48,0.366,0.8,8.0,4.4,25.3,1.6,0.3,17.1,18.0,2.0,0.6,2.6,0.106,0.6,-1.1,-0.4,0.4
698,2016-17,29,ORL,NBA,PG,78,1538,11.0,0.524,0.53,0.311,1.0,7.4,4.1,20.4,1.0,0.1,13.3,19.4,0.7,0.5,1.2,0.038,-1.2,-1.8,-3.0,-0.4
699,2017-18,30,ORL,NBA,PG,75,1760,15.4,0.615,0.504,0.35,1.9,8.2,5.0,24.4,1.5,0.0,16.5,18.6,3.3,0.8,4.1,0.11,1.0,-1.2,-0.2,0.8
700,2018-19,31,ORL,NBA,PG,81,2269,15.7,0.616,0.459,0.309,1.9,7.8,4.8,26.9,1.1,0.1,14.3,17.2,5.0,1.9,6.9,0.146,1.1,-0.7,0.5,1.4
701,2019-20,32,ORL,NBA,PG,57,1420,14.0,0.554,0.436,0.393,1.6,7.8,4.6,26.8,1.2,0.1,13.7,19.1,2.0,0.9,2.9,0.098,-0.3,-1.3,-1.6,0.2
702,2020-21,33,TOT,NBA,PG,57,1129,12.1,0.57,0.633,0.274,1.9,7.0,4.4,22.2,1.2,0.1,14.5,16.8,1.5,0.5,2.1,0.088,-0.6,-1.5,-2.1,0.0
705,2021-22,34,TOT,NBA,PG,55,883,9.7,0.61,0.739,0.194,1.4,7.0,4.2,16.8,0.9,0.1,18.9,14.3,0.7,0.1,0.8,0.043,-1.2,-2.4,-3.6,-0.4
711,1992-93,23,UTA,NBA,C,46,306,11.4,0.491,0.009,0.393,14.6,14.8,14.7,2.9,1.3,2.9,14.9,21.7,0.0,0.4,0.3,0.052,-4.6,-1.4,-6.0,-0.3
713,1996-97,27,MIA,NBA,C,82,1881,14.2,0.536,0.005,0.354,8.7,21.2,15.1,9.9,1.3,1.8,17.9,22.5,0.3,3.7,4.0,0.102,-2.5,0.8,-1.7,0.1
714,1997-98,28,TOT,NBA,C,78,2266,16.3,0.512,0.009,0.417,10.3,18.0,14.2,14.0,1.4,1.7,16.7,25.0,1.2,2.5,3.6,0.077,-0.4,-0.9,-1.3,0.4
715,1997-98,28,MIA,NBA,C,52,1371,16.8,0.521,0.006,0.429,10.5,17.5,14.1,11.8,1.7,1.8,15.6,25.5,1.1,2.2,3.2,0.113,-0.4,-0.1,-0.5,0.5
717,1998-99,29,ORL,NBA,C,49,1259,12.0,0.457,0.015,0.347,7.5,14.5,10.9,12.8,2.0,2.1,17.9,22.9,-0.9,2.1,1.2,0.045,-2.6,0.8,-1.8,0.1
718,1999-00,30,WAS,NBA,C,59,1173,10.2,0.481,0.011,0.389,6.2,21.7,13.8,10.0,0.8,2.3,20.6,19.6,-0.9,0.9,0.0,0.001,-3.1,-0.1,-3.2,-0.4
719,2000-01,31,VAN,NBA,C,52,845,8.3,0.393,0.089,0.148,6.8,23.1,15.0,11.2,1.2,1.9,15.8,18.5,-1.3,0.9,-0.5,-0.026,-4.4,0.1,-4.3,-0.5
721,2020-21,20,WAS,NBA,SF,54,1257,7.6,0.515,0.538,0.144,1.9,20.2,11.0,6.3,1.2,1.0,9.0,12.0,0.0,1.2,1.2,0.046,-3.6,0.4,-3.1,-0.4
722,2021-22,21,WAS,NBA,SF,82,1984,11.6,0.536,0.447,0.235,3.0,20.5,11.9,11.8,1.5,1.9,12.0,16.3,0.6,1.8,2.4,0.058,-2.1,0.4,-1.7,0.1
724,1992-93,23,MIL,NBA,PF,82,2285,10.2,0.459,0.002,0.214,9.0,17.0,12.9,5.9,1.2,2.1,13.8,19.1,-1.5,1.8,0.3,0.005,-3.8,-1.7,-5.5,-2.0
725,1993-94,24,TOT,NBA,PF,74,1371,9.2,0.43,0.0,0.309,11.7,16.4,14.0,6.8,1.2,1.5,15.8,16.9,-0.6,1.0,0.4,0.014,-3.7,-1.4,-5.1,-1.1
727,1993-94,24,ORL,NBA,PF,41,676,7.1,0.38,0.0,0.259,14.1,16.4,15.3,6.2,1.3,1.0,18.2,14.6,-0.5,0.6,0.1,0.006,-4.6,-1.4,-6.0,-0.7
728,1994-95,25,ORL,NBA,PF,71,1066,9.8,0.466,0.0,0.307,10.7,20.4,15.7,5.0,1.3,3.2,16.1,13.3,0.1,1.5,1.5,0.069,-4.1,0.1,-4.0,-0.5
729,1995-96,26,VAN,NBA,PF,71,1586,6.9,0.415,0.0,0.165,7.7,18.9,13.1,7.4,1.0,2.0,17.6,17.5,-2.8,1.6,-1.2,-0.037,-6.5,-0.7,-7.3,-2.1
731,1999-00,30,LAC,NBA,PF,49,377,5.5,0.368,0.0,0.333,6.6,15.6,10.9,4.5,2.2,2.7,17.9,15.8,-0.7,0.2,-0.5,-0.065,-6.9,-0.5,-7.4,-0.5
732,1999-00,20,MIN,NBA,PG,59,484,6.7,0.391,0.348,0.199,1.9,7.8,4.8,26.2,1.5,0.3,17.6,22.3,-0.8,0.3,-0.5,-0.046,-4.3,-2.0,-6.3,-0.5
733,2000-01,21,MIN,NBA,PG,55,463,9.0,0.482,0.41,0.25,1.2,6.0,3.6,24.0,1.5,0.6,22.0,20.0,-0.2,0.2,0.0,-0.003,-2.6,-2.0,-4.6,-0.3
736,2011-12,26,NOH,NBA,PF,54,1088,16.7,0.552,0.004,0.241,9.6,19.3,14.5,11.5,2.6,3.5,13.7,14.5,1.5,1.7,3.2,0.142,0.0,2.5,2.5,1.2
737,2012-13,27,TOT,NBA,C,55,734,12.8,0.54,0.0,0.299,9.0,21.3,15.1,14.7,1.5,1.8,19.9,14.5,0.4,0.8,1.2,0.077,-3.0,1.3,-1.7,0.1
738,2012-13,27,ORL,NBA,C,43,571,11.7,0.54,0.0,0.304,7.9,19.8,13.8,15.5,1.2,1.8,21.1,14.3,0.3,0.5,0.7,0.061,-3.3,1.3,-2.0,0.0
744,2013-14,26,SAS,NBA,PF,73,952,11.1,0.605,0.0,0.316,11.0,19.2,15.3,8.6,0.7,1.9,24.1,12.4,1.0,1.4,2.4,0.121,-3.0,1.0,-2.1,0.0
745,2014-15,27,SAS,NBA,PF,51,383,14.4,0.618,0.0,0.379,11.2,23.3,17.3,5.5,1.1,1.6,19.0,16.3,0.6,0.6,1.2,0.147,-2.4,0.3,-2.2,0.0
747,2018-19,20,PHO,NBA,C,71,2183,20.5,0.608,0.005,0.217,11.1,26.1,18.5,9.6,1.3,2.6,11.7,21.2,4.1,1.7,5.8,0.128,1.3,-1.1,0.2,1.2
749,2020-21,22,PHO,NBA,C,69,2115,20.3,0.653,0.029,0.252,12.4,26.3,19.5,6.8,1.0,3.4,11.9,18.2,5.3,3.1,8.4,0.191,1.1,0.1,1.2,1.7
750,2021-22,23,PHO,NBA,C,58,1713,21.9,0.656,0.027,0.204,9.6,27.1,18.6,7.6,1.1,2.1,10.7,21.4,4.1,3.1,7.3,0.203,2.2,0.6,2.8,2.1
752,2006-07,23,GSW,NBA,SG,41,669,13.4,0.572,0.359,0.355,4.2,11.4,7.7,6.2,1.6,1.1,13.3,18.7,0.7,0.5,1.2,0.083,0.1,-1.0,-0.9,0.2
753,2007-08,24,GSW,NBA,SG,81,1732,13.5,0.534,0.332,0.235,6.4,14.0,10.0,6.1,1.3,1.4,8.2,17.2,2.3,1.1,3.4,0.094,0.0,-0.9,-0.8,0.5
754,2008-09,25,GSW,NBA,SF,74,2375,14.7,0.562,0.249,0.271,5.1,11.8,8.5,7.6,1.2,1.5,9.1,18.7,3.6,0.5,4.1,0.083,1.0,-1.5,-0.5,0.9
